Customer_ID,Signup_Date,Plan,Segment,Channel,Churned,Tenure_Months,Signup_Month
CUST-00001,2024-06-14,Monthly,Consumer,Organic,True,1,2024-06
CUST-00002,2024-10-26,Quarterly,Consumer,Referral,False,11,2024-10
CUST-00003,2024-08-12,Monthly,Small Business,Social,False,6,2024-08
CUST-00004,2025-05-28,Monthly,Small Business,Paid Search,False,1,2025-05
CUST-00005,2025-04-08,Monthly,Consumer,Email,False,7,2025-04
CUST-00006,2024-10-27,Quarterly,Consumer,Paid Search,False,8,2024-10
CUST-00007,2024-07-07,Quarterly,Consumer,Organic,False,9,2024-07
CUST-00008,2025-04-15,Monthly,Small Business,Social,False,2,2025-04
CUST-00009,2024-08-11,Annual,Consumer,Organic,False,16,2024-08
CUST-00010,2024-12-14,Quarterly,Small Business,Paid Search,False,13,2024-12
CUST-00011,2024-06-27,Annual,Consumer,Email,False,13,2024-06
CUST-00012,2024-01-29,Monthly,Consumer,Organic,False,1,2024-01
CUST-00013,2024-04-06,Monthly,Small Business,Referral,False,3,2024-04
CUST-00014,2024-03-06,Monthly,Consumer,Email,True,1,2024-03
CUST-00015,2024-04-20,Monthly,Consumer,Referral,True,12,2024-04
CUST-00016,2025-02-15,Monthly,Small Business,Paid Search,False,12,2025-02
CUST-00017,2024-10-07,Monthly,Consumer,Organic,True,8,2024-10
CUST-00018,2024-07-28,Quarterly,Consumer,Referral,True,19,2024-07
CUST-00019,2025-05-23,Monthly,Consumer,Email,False,2,2025-05
CUST-00020,2024-07-06,Quarterly,Small Business,Referral,False,11,2024-07
CUST-00021,2025-02-18,Monthly,Small Business,Paid Search,False,1,2025-02
CUST-00022,2024-02-18,Monthly,Consumer,Organic,True,11,2024-02
CUST-00023,2025-01-21,Monthly,Consumer,Referral,False,1,2025-01
CUST-00024,2024-12-11,Monthly,Small Business,Organic,False,4,2024-12
CUST-00025,2024-08-23,Quarterly,Consumer,Social,False,11,2024-08
CUST-00026,2024-09-13,Monthly,Small Business,Email,True,3,2024-09
CUST-00027,2024-09-15,Monthly,Small Business,Email,True,1,2024-09
CUST-00028,2025-03-13,Quarterly,Small Business,Organic,False,1,2025-03
CUST-00029,2024-03-30,Monthly,Consumer,Organic,False,3,2024-03
CUST-00030,2025-03-31,Quarterly,Consumer,Referral,False,4,2025-03
CUST-00031,2024-07-17,Quarterly,Enterprise,Social,False,10,2024-07
CUST-00032,2024-09-27,Annual,Consumer,Organic,False,25,2024-09
CUST-00033,2025-01-28,Monthly,Enterprise,Social,True,1,2025-01
CUST-00034,2024-12-07,Annual,Small Business,Organic,False,21,2024-12
CUST-00035,2025-02-28,Monthly,Small Business,Paid Search,False,6,2025-02
CUST-00036,2024-08-12,Quarterly,Consumer,Email,False,9,2024-08
CUST-00037,2024-09-05,Monthly,Consumer,Email,True,1,2024-09
CUST-00038,2024-08-07,Quarterly,Small Business,Email,False,15,2024-08
CUST-00039,2024-08-08,Monthly,Consumer,Paid Search,False,1,2024-08
CUST-00040,2024-10-09,Monthly,Consumer,Paid Search,False,9,2024-10
CUST-00041,2025-06-20,Monthly,Small Business,Organic,True,9,2025-06
CUST-00042,2025-03-01,Monthly,Consumer,Organic,True,12,2025-03
CUST-00043,2024-05-04,Quarterly,Consumer,Email,False,13,2024-05
CUST-00044,2025-05-20,Monthly,Consumer,Paid Search,False,12,2025-05
CUST-00045,2024-01-02,Monthly,Small Business,Referral,False,3,2024-01
CUST-00046,2024-07-27,Annual,Consumer,Email,False,23,2024-07
CUST-00047,2024-04-26,Quarterly,Enterprise,Email,False,12,2024-04
CUST-00048,2024-02-15,Monthly,Enterprise,Email,False,3,2024-02
CUST-00049,2024-08-03,Monthly,Small Business,Referral,False,5,2024-08
CUST-00050,2025-03-24,Quarterly,Enterprise,Paid Search,True,4,2025-03
CUST-00051,2025-04-02,Monthly,Small Business,Social,False,6,2025-04
CUST-00052,2024-01-16,Annual,Small Business,Organic,False,28,2024-01
CUST-00053,2024-08-30,Monthly,Small Business,Email,False,3,2024-08
CUST-00054,2024-04-24,Monthly,Consumer,Paid Search,False,3,2024-04
CUST-00055,2025-04-27,Monthly,Small Business,Organic,False,1,2025-04
CUST-00056,2024-06-09,Monthly,Small Business,Organic,True,4,2024-06
CUST-00057,2024-01-02,Monthly,Small Business,Paid Search,False,5,2024-01
CUST-00058,2024-01-28,Quarterly,Consumer,Social,False,14,2024-01
CUST-00059,2024-07-06,Monthly,Consumer,Referral,True,3,2024-07
CUST-00060,2025-03-14,Monthly,Consumer,Email,True,1,2025-03
CUST-00061,2024-11-20,Annual,Consumer,Social,True,14,2024-11
CUST-00062,2024-03-08,Monthly,Consumer,Organic,False,8,2024-03
CUST-00063,2024-06-29,Monthly,Enterprise,Social,True,1,2024-06
CUST-00064,2024-02-08,Quarterly,Consumer,Social,True,8,2024-02
CUST-00065,2024-12-01,Monthly,Consumer,Organic,False,1,2024-12
CUST-00066,2024-04-10,Annual,Small Business,Paid Search,False,20,2024-04
CUST-00067,2024-06-24,Annual,Small Business,Paid Search,False,23,2024-06
CUST-00068,2024-07-29,Quarterly,Consumer,Social,False,8,2024-07
CUST-00069,2025-01-22,Monthly,Small Business,Organic,False,1,2025-01
CUST-00070,2025-01-23,Annual,Consumer,Paid Search,False,29,2025-01
CUST-00071,2024-04-15,Monthly,Enterprise,Paid Search,False,9,2024-04
CUST-00072,2024-12-27,Monthly,Consumer,Email,False,5,2024-12
CUST-00073,2024-04-09,Annual,Enterprise,Paid Search,True,18,2024-04
CUST-00074,2024-04-23,Monthly,Consumer,Referral,False,9,2024-04
CUST-00075,2024-05-22,Monthly,Small Business,Paid Search,False,11,2024-05
CUST-00076,2024-09-16,Monthly,Small Business,Social,False,2,2024-09
CUST-00077,2025-03-16,Monthly,Consumer,Paid Search,True,5,2025-03
CUST-00078,2024-09-11,Monthly,Small Business,Organic,True,6,2024-09
CUST-00079,2024-04-21,Annual,Consumer,Referral,False,24,2024-04
CUST-00080,2025-06-03,Monthly,Consumer,Email,False,1,2025-06
CUST-00081,2024-08-23,Quarterly,Consumer,Paid Search,False,9,2024-08
CUST-00082,2025-06-25,Annual,Small Business,Organic,False,19,2025-06
CUST-00083,2024-01-29,Quarterly,Consumer,Organic,True,9,2024-01
CUST-00084,2025-01-20,Quarterly,Enterprise,Email,False,17,2025-01
CUST-00085,2025-03-05,Monthly,Consumer,Paid Search,False,15,2025-03
CUST-00086,2024-11-06,Monthly,Consumer,Referral,True,6,2024-11
CUST-00087,2025-03-20,Monthly,Consumer,Referral,False,8,2025-03
CUST-00088,2024-02-16,Monthly,Consumer,Referral,False,1,2024-02
CUST-00089,2024-02-27,Monthly,Enterprise,Organic,False,6,2024-02
CUST-00090,2025-01-17,Monthly,Consumer,Social,False,2,2025-01
CUST-00091,2024-10-12,Monthly,Enterprise,Referral,False,5,2024-10
CUST-00092,2025-01-31,Annual,Consumer,Referral,True,16,2025-01
CUST-00093,2024-11-08,Monthly,Enterprise,Organic,False,4,2024-11
CUST-00094,2025-04-28,Monthly,Consumer,Organic,False,12,2025-04
CUST-00095,2024-12-19,Monthly,Consumer,Paid Search,True,1,2024-12
CUST-00096,2024-10-04,Quarterly,Enterprise,Social,False,10,2024-10
CUST-00097,2025-05-05,Monthly,Consumer,Social,False,1,2025-05
CUST-00098,2024-11-24,Quarterly,Small Business,Referral,False,17,2024-11
CUST-00099,2025-05-02,Quarterly,Consumer,Organic,False,10,2025-05
CUST-00100,2024-11-23,Annual,Consumer,Organic,False,25,2024-11
CUST-00101,2024-01-26,Quarterly,Small Business,Social,True,17,2024-01
CUST-00102,2025-02-16,Quarterly,Enterprise,Paid Search,False,1,2025-02
CUST-00103,2024-06-17,Monthly,Small Business,Paid Search,False,1,2024-06
CUST-00104,2024-04-15,Monthly,Small Business,Referral,False,3,2024-04
CUST-00105,2024-10-08,Monthly,Consumer,Organic,True,13,2024-10
CUST-00106,2024-01-18,Monthly,Consumer,Referral,True,9,2024-01
CUST-00107,2024-05-23,Monthly,Consumer,Social,False,6,2024-05
CUST-00108,2025-02-25,Monthly,Consumer,Referral,True,15,2025-02
CUST-00109,2024-02-19,Quarterly,Small Business,Organic,False,20,2024-02
CUST-00110,2024-03-12,Monthly,Consumer,Social,False,4,2024-03
CUST-00111,2025-03-21,Annual,Consumer,Paid Search,False,21,2025-03
CUST-00112,2025-06-21,Annual,Consumer,Social,False,19,2025-06
CUST-00113,2024-04-08,Monthly,Consumer,Referral,False,9,2024-04
CUST-00114,2024-04-13,Monthly,Consumer,Referral,True,7,2024-04
CUST-00115,2024-08-20,Monthly,Small Business,Referral,True,3,2024-08
CUST-00116,2024-02-21,Monthly,Consumer,Paid Search,False,1,2024-02
CUST-00117,2024-08-13,Monthly,Consumer,Organic,False,2,2024-08
CUST-00118,2025-03-18,Monthly,Small Business,Paid Search,False,14,2025-03
CUST-00119,2025-03-07,Monthly,Small Business,Paid Search,False,13,2025-03
CUST-00120,2024-11-24,Monthly,Enterprise,Referral,True,10,2024-11
CUST-00121,2024-05-12,Monthly,Enterprise,Organic,True,8,2024-05
CUST-00122,2024-01-29,Annual,Consumer,Social,False,19,2024-01
CUST-00123,2024-11-28,Monthly,Consumer,Organic,False,3,2024-11
CUST-00124,2024-01-24,Monthly,Consumer,Referral,False,6,2024-01
CUST-00125,2024-12-21,Monthly,Small Business,Organic,True,7,2024-12
CUST-00126,2024-12-16,Monthly,Small Business,Organic,True,11,2024-12
CUST-00127,2024-10-25,Quarterly,Small Business,Organic,False,8,2024-10
CUST-00128,2024-08-02,Monthly,Consumer,Organic,False,4,2024-08
CUST-00129,2025-06-26,Monthly,Consumer,Social,True,4,2025-06
CUST-00130,2024-11-29,Annual,Consumer,Social,False,21,2024-11
CUST-00131,2024-10-30,Quarterly,Consumer,Social,False,12,2024-10
CUST-00132,2025-01-27,Annual,Small Business,Social,False,17,2025-01
CUST-00133,2024-05-28,Quarterly,Consumer,Organic,False,10,2024-05
CUST-00134,2024-07-16,Annual,Small Business,Organic,False,26,2024-07
CUST-00135,2024-12-21,Monthly,Small Business,Referral,False,7,2024-12
CUST-00136,2025-05-20,Quarterly,Small Business,Paid Search,False,9,2025-05
CUST-00137,2024-03-16,Monthly,Consumer,Email,False,3,2024-03
CUST-00138,2024-08-02,Monthly,Small Business,Paid Search,False,9,2024-08
CUST-00139,2025-01-27,Monthly,Small Business,Referral,False,1,2025-01
CUST-00140,2025-02-26,Monthly,Small Business,Organic,False,11,2025-02
CUST-00141,2024-04-24,Annual,Enterprise,Social,False,23,2024-04
CUST-00142,2025-06-16,Monthly,Consumer,Organic,False,6,2025-06
CUST-00143,2024-12-06,Annual,Small Business,Referral,False,19,2024-12
CUST-00144,2025-06-20,Monthly,Consumer,Email,False,1,2025-06
CUST-00145,2024-01-26,Quarterly,Consumer,Referral,False,6,2024-01
CUST-00146,2024-01-13,Annual,Small Business,Organic,False,19,2024-01
CUST-00147,2025-01-05,Quarterly,Consumer,Paid Search,False,18,2025-01
CUST-00148,2024-07-23,Quarterly,Small Business,Email,True,15,2024-07
CUST-00149,2025-01-21,Quarterly,Small Business,Organic,False,15,2025-01
CUST-00150,2024-04-13,Monthly,Small Business,Social,False,6,2024-04
CUST-00151,2024-07-18,Annual,Enterprise,Referral,False,30,2024-07
CUST-00152,2024-11-27,Monthly,Consumer,Organic,True,7,2024-11
CUST-00153,2024-09-12,Monthly,Consumer,Paid Search,False,4,2024-09
CUST-00154,2025-05-12,Monthly,Small Business,Organic,True,3,2025-05
CUST-00155,2025-05-21,Monthly,Enterprise,Organic,True,7,2025-05
CUST-00156,2024-11-20,Monthly,Enterprise,Referral,True,8,2024-11
CUST-00157,2024-06-17,Quarterly,Consumer,Social,False,15,2024-06
CUST-00158,2025-05-30,Quarterly,Enterprise,Organic,False,15,2025-05
CUST-00159,2024-02-29,Quarterly,Enterprise,Referral,True,9,2024-02
CUST-00160,2025-06-24,Monthly,Small Business,Paid Search,False,1,2025-06
CUST-00161,2024-03-19,Annual,Small Business,Email,False,26,2024-03
CUST-00162,2024-02-26,Monthly,Consumer,Referral,False,6,2024-02
CUST-00163,2024-07-04,Quarterly,Small Business,Referral,False,1,2024-07
CUST-00164,2024-12-24,Annual,Consumer,Organic,False,23,2024-12
CUST-00165,2025-04-10,Monthly,Consumer,Social,False,12,2025-04
CUST-00166,2025-06-13,Quarterly,Enterprise,Organic,False,11,2025-06
CUST-00167,2024-01-17,Quarterly,Consumer,Social,False,15,2024-01
CUST-00168,2024-07-20,Annual,Consumer,Organic,False,31,2024-07
CUST-00169,2025-06-06,Monthly,Consumer,Paid Search,False,1,2025-06
CUST-00170,2025-01-17,Annual,Enterprise,Social,False,17,2025-01
CUST-00171,2024-01-07,Quarterly,Small Business,Paid Search,False,14,2024-01
CUST-00172,2025-06-07,Monthly,Small Business,Paid Search,True,1,2025-06
CUST-00173,2024-01-21,Monthly,Consumer,Referral,True,5,2024-01
CUST-00174,2024-05-13,Monthly,Small Business,Social,False,7,2024-05
CUST-00175,2025-02-07,Annual,Consumer,Referral,False,18,2025-02
CUST-00176,2024-09-15,Monthly,Consumer,Organic,False,6,2024-09
CUST-00177,2024-04-12,Quarterly,Consumer,Organic,False,15,2024-04
CUST-00178,2024-08-13,Monthly,Small Business,Email,False,1,2024-08
CUST-00179,2024-08-24,Monthly,Small Business,Referral,False,4,2024-08
CUST-00180,2025-06-26,Monthly,Enterprise,Organic,False,8,2025-06
CUST-00181,2024-09-29,Annual,Consumer,Paid Search,False,12,2024-09
CUST-00182,2024-01-24,Annual,Enterprise,Paid Search,False,20,2024-01
CUST-00183,2025-05-16,Quarterly,Consumer,Paid Search,True,7,2025-05
CUST-00184,2024-02-06,Annual,Small Business,Social,False,25,2024-02
CUST-00185,2025-05-22,Annual,Small Business,Paid Search,False,17,2025-05
CUST-00186,2024-03-26,Annual,Consumer,Social,True,19,2024-03
CUST-00187,2024-02-22,Monthly,Consumer,Social,False,4,2024-02
CUST-00188,2025-03-08,Quarterly,Consumer,Email,False,7,2025-03
CUST-00189,2024-04-09,Quarterly,Consumer,Paid Search,False,9,2024-04
CUST-00190,2025-04-07,Quarterly,Consumer,Organic,False,13,2025-04
CUST-00191,2024-12-29,Monthly,Small Business,Email,False,9,2024-12
CUST-00192,2025-05-18,Annual,Consumer,Social,False,19,2025-05
CUST-00193,2025-02-16,Monthly,Consumer,Paid Search,True,7,2025-02
CUST-00194,2024-04-27,Monthly,Consumer,Paid Search,False,3,2024-04
CUST-00195,2025-04-27,Monthly,Small Business,Paid Search,True,8,2025-04
CUST-00196,2024-03-18,Quarterly,Consumer,Email,False,7,2024-03
CUST-00197,2024-03-15,Monthly,Small Business,Paid Search,False,2,2024-03
CUST-00198,2025-01-06,Monthly,Enterprise,Paid Search,False,8,2025-01
CUST-00199,2024-05-30,Annual,Consumer,Referral,False,13,2024-05
CUST-00200,2025-06-04,Monthly,Consumer,Email,True,2,2025-06
CUST-00201,2025-02-22,Quarterly,Consumer,Paid Search,True,12,2025-02
CUST-00202,2024-04-04,Quarterly,Consumer,Organic,False,9,2024-04
CUST-00203,2024-08-01,Monthly,Consumer,Social,False,1,2024-08
CUST-00204,2025-04-24,Quarterly,Enterprise,Referral,True,15,2025-04
CUST-00205,2024-06-04,Quarterly,Enterprise,Organic,True,5,2024-06
CUST-00206,2024-11-21,Quarterly,Small Business,Referral,False,9,2024-11
CUST-00207,2024-09-18,Monthly,Small Business,Social,True,4,2024-09
CUST-00208,2024-10-16,Monthly,Consumer,Organic,False,4,2024-10
CUST-00209,2024-08-01,Monthly,Small Business,Email,False,3,2024-08
CUST-00210,2024-11-08,Monthly,Consumer,Email,False,2,2024-11
CUST-00211,2025-01-14,Monthly,Small Business,Organic,False,1,2025-01
CUST-00212,2024-02-11,Quarterly,Consumer,Referral,False,12,2024-02
CUST-00213,2024-07-24,Annual,Small Business,Social,False,17,2024-07
CUST-00214,2024-08-24,Quarterly,Consumer,Organic,False,11,2024-08
CUST-00215,2025-04-19,Quarterly,Small Business,Email,False,12,2025-04
CUST-00216,2024-10-08,Monthly,Small Business,Organic,True,1,2024-10
CUST-00217,2024-01-07,Monthly,Small Business,Email,False,1,2024-01
CUST-00218,2025-04-20,Monthly,Consumer,Email,True,9,2025-04
CUST-00219,2024-02-22,Monthly,Small Business,Organic,False,3,2024-02
CUST-00220,2024-07-15,Quarterly,Consumer,Organic,False,18,2024-07
CUST-00221,2025-01-01,Monthly,Consumer,Paid Search,False,11,2025-01
CUST-00222,2025-04-15,Monthly,Consumer,Social,False,4,2025-04
CUST-00223,2025-03-30,Monthly,Consumer,Paid Search,False,6,2025-03
CUST-00224,2024-10-30,Quarterly,Consumer,Social,False,7,2024-10
CUST-00225,2024-02-10,Annual,Consumer,Organic,False,22,2024-02
CUST-00226,2025-02-06,Monthly,Consumer,Email,False,3,2025-02
CUST-00227,2024-11-30,Monthly,Enterprise,Organic,False,11,2024-11
CUST-00228,2024-07-31,Monthly,Consumer,Email,False,1,2024-07
CUST-00229,2025-01-28,Annual,Consumer,Email,False,29,2025-01
CUST-00230,2025-04-10,Monthly,Consumer,Social,False,1,2025-04
CUST-00231,2024-08-08,Monthly,Enterprise,Social,False,6,2024-08
CUST-00232,2024-12-14,Quarterly,Consumer,Organic,False,14,2024-12
CUST-00233,2024-08-23,Quarterly,Consumer,Organic,False,5,2024-08
CUST-00234,2024-01-06,Monthly,Consumer,Paid Search,True,9,2024-01
CUST-00235,2024-04-13,Annual,Small Business,Paid Search,True,20,2024-04
CUST-00236,2025-05-14,Quarterly,Consumer,Email,False,19,2025-05
CUST-00237,2024-10-24,Monthly,Consumer,Social,False,1,2024-10
CUST-00238,2024-07-17,Monthly,Enterprise,Referral,False,5,2024-07
CUST-00239,2024-11-05,Monthly,Enterprise,Referral,False,2,2024-11
CUST-00240,2024-10-28,Annual,Consumer,Paid Search,True,18,2024-10
CUST-00241,2024-01-08,Monthly,Small Business,Paid Search,True,6,2024-01
CUST-00242,2024-05-15,Quarterly,Consumer,Email,False,11,2024-05
CUST-00243,2024-08-06,Quarterly,Consumer,Paid Search,False,17,2024-08
CUST-00244,2024-11-03,Monthly,Small Business,Referral,False,7,2024-11
CUST-00245,2024-01-09,Monthly,Small Business,Organic,False,1,2024-01
CUST-00246,2024-07-15,Monthly,Consumer,Email,True,3,2024-07
CUST-00247,2024-04-24,Monthly,Consumer,Organic,False,21,2024-04
CUST-00248,2024-10-28,Monthly,Consumer,Social,False,9,2024-10
CUST-00249,2025-01-03,Monthly,Small Business,Social,False,11,2025-01
CUST-00250,2024-06-25,Monthly,Consumer,Paid Search,False,1,2024-06
CUST-00251,2025-03-21,Monthly,Consumer,Organic,True,9,2025-03
CUST-00252,2024-12-25,Monthly,Small Business,Social,False,21,2024-12
CUST-00253,2024-04-27,Quarterly,Small Business,Organic,False,3,2024-04
CUST-00254,2024-06-28,Monthly,Small Business,Social,False,4,2024-06
CUST-00255,2024-08-22,Quarterly,Small Business,Organic,False,14,2024-08
CUST-00256,2025-04-21,Monthly,Enterprise,Referral,False,8,2025-04
CUST-00257,2024-04-02,Monthly,Small Business,Email,False,4,2024-04
CUST-00258,2025-04-01,Quarterly,Small Business,Referral,False,19,2025-04
CUST-00259,2024-11-28,Monthly,Consumer,Organic,False,3,2024-11
CUST-00260,2024-05-09,Quarterly,Small Business,Paid Search,False,12,2024-05
CUST-00261,2024-04-02,Monthly,Consumer,Social,False,9,2024-04
CUST-00262,2025-04-07,Monthly,Small Business,Social,True,2,2025-04
CUST-00263,2024-05-19,Quarterly,Consumer,Email,False,5,2024-05
CUST-00264,2024-09-26,Monthly,Consumer,Referral,True,8,2024-09
CUST-00265,2024-11-28,Annual,Small Business,Email,False,23,2024-11
CUST-00266,2024-12-28,Monthly,Enterprise,Email,True,14,2024-12
CUST-00267,2024-10-25,Annual,Small Business,Paid Search,False,30,2024-10
CUST-00268,2024-04-18,Monthly,Small Business,Social,True,2,2024-04
CUST-00269,2024-04-28,Monthly,Consumer,Organic,False,1,2024-04
CUST-00270,2024-10-15,Quarterly,Consumer,Paid Search,False,12,2024-10
CUST-00271,2024-07-22,Annual,Consumer,Organic,False,19,2024-07
CUST-00272,2025-02-10,Monthly,Consumer,Referral,False,1,2025-02
CUST-00273,2025-01-15,Annual,Consumer,Referral,False,23,2025-01
CUST-00274,2024-01-20,Quarterly,Enterprise,Paid Search,False,13,2024-01
CUST-00275,2024-07-26,Monthly,Consumer,Email,True,4,2024-07
CUST-00276,2024-06-29,Quarterly,Consumer,Email,False,15,2024-06
CUST-00277,2025-03-19,Monthly,Small Business,Organic,True,4,2025-03
CUST-00278,2025-01-30,Quarterly,Small Business,Social,False,17,2025-01
CUST-00279,2024-04-12,Monthly,Small Business,Email,False,6,2024-04
CUST-00280,2025-03-02,Quarterly,Consumer,Referral,True,20,2025-03
CUST-00281,2024-08-13,Annual,Small Business,Email,False,17,2024-08
CUST-00282,2024-07-28,Annual,Consumer,Social,False,11,2024-07
CUST-00283,2024-04-05,Annual,Consumer,Organic,False,13,2024-04
CUST-00284,2025-01-28,Monthly,Consumer,Social,False,5,2025-01
CUST-00285,2025-05-15,Annual,Consumer,Paid Search,False,21,2025-05
CUST-00286,2024-11-09,Annual,Small Business,Organic,False,27,2024-11
CUST-00287,2025-03-13,Monthly,Consumer,Social,False,10,2025-03
CUST-00288,2024-04-13,Monthly,Small Business,Email,False,17,2024-04
CUST-00289,2024-02-23,Monthly,Enterprise,Email,True,3,2024-02
CUST-00290,2024-11-13,Annual,Consumer,Referral,False,20,2024-11
CUST-00291,2024-04-27,Annual,Small Business,Organic,True,13,2024-04
CUST-00292,2025-02-21,Monthly,Small Business,Social,False,14,2025-02
CUST-00293,2024-05-07,Monthly,Consumer,Social,True,7,2024-05
CUST-00294,2025-05-26,Annual,Consumer,Social,True,20,2025-05
CUST-00295,2024-04-17,Monthly,Consumer,Paid Search,False,1,2024-04
CUST-00296,2024-09-23,Monthly,Consumer,Paid Search,False,2,2024-09
CUST-00297,2025-01-13,Monthly,Enterprise,Organic,False,16,2025-01
CUST-00298,2024-07-22,Monthly,Small Business,Paid Search,True,9,2024-07
CUST-00299,2024-11-18,Monthly,Consumer,Social,True,17,2024-11
CUST-00300,2024-09-18,Monthly,Consumer,Social,True,4,2024-09
CUST-00301,2024-08-27,Monthly,Consumer,Referral,False,5,2024-08
CUST-00302,2025-01-30,Monthly,Consumer,Referral,True,8,2025-01
CUST-00303,2024-05-08,Monthly,Small Business,Paid Search,False,1,2024-05
CUST-00304,2024-11-06,Monthly,Consumer,Paid Search,True,1,2024-11
CUST-00305,2024-08-21,Monthly,Small Business,Organic,True,2,2024-08
CUST-00306,2024-01-11,Monthly,Consumer,Referral,True,9,2024-01
CUST-00307,2024-02-04,Annual,Enterprise,Organic,False,22,2024-02
CUST-00308,2025-06-18,Monthly,Consumer,Paid Search,False,9,2025-06
CUST-00309,2024-08-16,Monthly,Small Business,Referral,False,7,2024-08
CUST-00310,2024-05-07,Monthly,Enterprise,Referral,False,8,2024-05
CUST-00311,2025-06-26,Monthly,Enterprise,Organic,True,3,2025-06
CUST-00312,2024-01-16,Monthly,Consumer,Organic,False,3,2024-01
CUST-00313,2025-02-08,Quarterly,Consumer,Social,False,17,2025-02
CUST-00314,2025-05-24,Monthly,Consumer,Organic,True,3,2025-05
CUST-00315,2025-06-21,Monthly,Consumer,Referral,False,5,2025-06
CUST-00316,2024-12-24,Monthly,Consumer,Email,False,4,2024-12
CUST-00317,2024-11-19,Monthly,Consumer,Paid Search,False,8,2024-11
CUST-00318,2025-03-30,Monthly,Consumer,Social,False,3,2025-03
CUST-00319,2024-05-06,Annual,Consumer,Referral,False,14,2024-05
CUST-00320,2024-05-18,Monthly,Small Business,Organic,True,9,2024-05
CUST-00321,2024-11-28,Quarterly,Consumer,Paid Search,False,2,2024-11
CUST-00322,2025-04-19,Monthly,Small Business,Paid Search,False,5,2025-04
CUST-00323,2025-05-23,Monthly,Consumer,Organic,True,7,2025-05
CUST-00324,2024-01-06,Monthly,Consumer,Paid Search,False,1,2024-01
CUST-00325,2024-04-27,Monthly,Small Business,Organic,False,1,2024-04
CUST-00326,2025-04-12,Annual,Consumer,Email,False,10,2025-04
CUST-00327,2024-02-25,Monthly,Small Business,Paid Search,True,8,2024-02
CUST-00328,2025-06-03,Monthly,Consumer,Organic,False,7,2025-06
CUST-00329,2025-04-17,Monthly,Small Business,Social,False,9,2025-04
CUST-00330,2024-07-20,Monthly,Consumer,Social,False,7,2024-07
CUST-00331,2024-04-22,Quarterly,Consumer,Organic,True,8,2024-04
CUST-00332,2025-02-14,Monthly,Consumer,Social,False,5,2025-02
CUST-00333,2024-05-31,Monthly,Consumer,Email,False,10,2024-05
CUST-00334,2025-04-06,Monthly,Consumer,Referral,True,13,2025-04
CUST-00335,2025-04-21,Monthly,Consumer,Organic,False,5,2025-04
CUST-00336,2025-03-23,Quarterly,Small Business,Paid Search,False,16,2025-03
CUST-00337,2024-07-20,Monthly,Small Business,Social,False,9,2024-07
CUST-00338,2024-01-23,Quarterly,Consumer,Email,True,9,2024-01
CUST-00339,2024-09-05,Monthly,Small Business,Paid Search,True,7,2024-09
CUST-00340,2024-05-04,Quarterly,Consumer,Organic,False,9,2024-05
CUST-00341,2024-02-20,Monthly,Small Business,Organic,False,7,2024-02
CUST-00342,2024-04-15,Monthly,Enterprise,Paid Search,False,1,2024-04
CUST-00343,2024-10-28,Monthly,Consumer,Organic,False,8,2024-10
CUST-00344,2024-06-18,Monthly,Consumer,Social,False,3,2024-06
CUST-00345,2025-03-30,Monthly,Consumer,Paid Search,False,1,2025-03
CUST-00346,2024-05-25,Monthly,Consumer,Paid Search,False,4,2024-05
CUST-00347,2024-07-02,Monthly,Consumer,Social,False,9,2024-07
CUST-00348,2025-01-20,Annual,Small Business,Email,False,18,2025-01
CUST-00349,2025-02-18,Annual,Small Business,Referral,False,17,2025-02
CUST-00350,2024-05-17,Quarterly,Consumer,Referral,False,13,2024-05
CUST-00351,2024-02-26,Monthly,Consumer,Email,True,3,2024-02
CUST-00352,2024-03-24,Quarterly,Consumer,Social,False,16,2024-03
CUST-00353,2024-05-12,Quarterly,Consumer,Organic,False,15,2024-05
CUST-00354,2024-07-31,Annual,Consumer,Paid Search,False,11,2024-07
CUST-00355,2025-04-15,Quarterly,Consumer,Email,False,9,2025-04
CUST-00356,2025-02-07,Annual,Enterprise,Paid Search,False,18,2025-02
CUST-00357,2024-10-12,Monthly,Consumer,Email,False,10,2024-10
CUST-00358,2024-01-24,Quarterly,Consumer,Social,False,5,2024-01
CUST-00359,2024-11-06,Monthly,Consumer,Email,True,7,2024-11
CUST-00360,2025-06-21,Monthly,Small Business,Email,True,10,2025-06
CUST-00361,2025-02-25,Monthly,Small Business,Email,False,1,2025-02
CUST-00362,2025-06-24,Monthly,Small Business,Social,False,9,2025-06
CUST-00363,2024-10-21,Quarterly,Consumer,Paid Search,False,17,2024-10
CUST-00364,2024-05-17,Monthly,Consumer,Social,False,1,2024-05
CUST-00365,2025-03-06,Monthly,Consumer,Social,False,1,2025-03
CUST-00366,2024-01-26,Annual,Consumer,Organic,False,15,2024-01
CUST-00367,2024-02-25,Quarterly,Consumer,Paid Search,False,4,2024-02
CUST-00368,2025-01-10,Monthly,Consumer,Social,False,13,2025-01
CUST-00369,2024-11-03,Quarterly,Enterprise,Social,False,9,2024-11
CUST-00370,2024-12-05,Monthly,Small Business,Email,False,1,2024-12
CUST-00371,2024-12-21,Monthly,Consumer,Email,False,2,2024-12
CUST-00372,2024-05-29,Monthly,Enterprise,Organic,True,1,2024-05
CUST-00373,2024-10-25,Annual,Consumer,Social,False,14,2024-10
CUST-00374,2025-01-05,Monthly,Enterprise,Email,True,10,2025-01
CUST-00375,2024-07-29,Quarterly,Small Business,Email,True,18,2024-07
CUST-00376,2025-01-15,Monthly,Small Business,Referral,False,7,2025-01
CUST-00377,2024-08-26,Annual,Consumer,Email,False,12,2024-08
CUST-00378,2025-05-18,Quarterly,Small Business,Paid Search,True,10,2025-05
CUST-00379,2025-02-05,Monthly,Consumer,Referral,True,5,2025-02
CUST-00380,2025-04-11,Monthly,Consumer,Referral,False,10,2025-04
CUST-00381,2025-06-30,Monthly,Enterprise,Organic,False,5,2025-06
CUST-00382,2025-01-27,Monthly,Consumer,Paid Search,True,11,2025-01
CUST-00383,2025-03-16,Monthly,Consumer,Paid Search,False,3,2025-03
CUST-00384,2024-08-02,Quarterly,Consumer,Paid Search,True,13,2024-08
CUST-00385,2024-08-23,Annual,Small Business,Email,False,26,2024-08
CUST-00386,2024-07-09,Monthly,Consumer,Referral,False,5,2024-07
CUST-00387,2024-08-12,Monthly,Enterprise,Referral,False,4,2024-08
CUST-00388,2024-06-17,Monthly,Consumer,Organic,False,4,2024-06
CUST-00389,2025-03-17,Quarterly,Consumer,Organic,True,10,2025-03
CUST-00390,2024-01-28,Monthly,Consumer,Organic,False,9,2024-01
CUST-00391,2024-07-26,Monthly,Small Business,Social,True,4,2024-07
CUST-00392,2025-03-01,Monthly,Small Business,Organic,True,1,2025-03
CUST-00393,2025-06-05,Quarterly,Consumer,Organic,False,11,2025-06
CUST-00394,2024-03-05,Monthly,Small Business,Organic,False,3,2024-03
CUST-00395,2024-07-06,Monthly,Consumer,Email,False,9,2024-07
CUST-00396,2025-01-14,Annual,Small Business,Social,False,21,2025-01
CUST-00397,2025-06-28,Monthly,Consumer,Organic,True,12,2025-06
CUST-00398,2024-03-05,Monthly,Consumer,Email,True,6,2024-03
CUST-00399,2024-05-12,Monthly,Small Business,Organic,False,1,2024-05
CUST-00400,2025-05-10,Monthly,Consumer,Referral,True,4,2025-05
CUST-00401,2025-01-03,Monthly,Enterprise,Organic,False,6,2025-01
CUST-00402,2024-04-08,Monthly,Consumer,Social,False,1,2024-04
CUST-00403,2024-11-15,Quarterly,Consumer,Referral,False,15,2024-11
CUST-00404,2024-11-10,Quarterly,Small Business,Organic,True,16,2024-11
CUST-00405,2025-06-25,Monthly,Enterprise,Paid Search,False,6,2025-06
CUST-00406,2024-05-09,Monthly,Enterprise,Social,True,3,2024-05
CUST-00407,2024-05-11,Monthly,Consumer,Social,False,9,2024-05
CUST-00408,2024-08-02,Annual,Enterprise,Organic,False,20,2024-08
CUST-00409,2024-02-12,Quarterly,Consumer,Email,False,15,2024-02
CUST-00410,2024-12-15,Monthly,Consumer,Referral,True,10,2024-12
CUST-00411,2024-04-15,Monthly,Small Business,Social,False,9,2024-04
CUST-00412,2025-06-03,Quarterly,Consumer,Organic,False,9,2025-06
CUST-00413,2024-11-20,Monthly,Consumer,Social,False,4,2024-11
CUST-00414,2024-10-25,Annual,Small Business,Organic,False,14,2024-10
CUST-00415,2024-06-26,Quarterly,Small Business,Paid Search,False,5,2024-06
CUST-00416,2024-12-24,Quarterly,Consumer,Paid Search,False,1,2024-12
CUST-00417,2025-05-23,Monthly,Small Business,Referral,False,1,2025-05
CUST-00418,2025-02-17,Annual,Consumer,Referral,False,21,2025-02
CUST-00419,2024-03-15,Annual,Consumer,Organic,False,16,2024-03
CUST-00420,2025-06-14,Monthly,Consumer,Referral,False,6,2025-06
CUST-00421,2025-03-01,Monthly,Consumer,Referral,False,1,2025-03
CUST-00422,2024-05-23,Quarterly,Consumer,Social,True,13,2024-05
CUST-00423,2025-02-22,Monthly,Enterprise,Paid Search,False,14,2025-02
CUST-00424,2025-04-26,Monthly,Consumer,Email,False,3,2025-04
CUST-00425,2024-10-23,Monthly,Consumer,Paid Search,False,1,2024-10
CUST-00426,2025-01-12,Monthly,Consumer,Referral,True,5,2025-01
CUST-00427,2024-04-14,Monthly,Small Business,Paid Search,True,11,2024-04
CUST-00428,2024-09-26,Quarterly,Consumer,Organic,False,12,2024-09
CUST-00429,2025-04-08,Monthly,Small Business,Social,False,16,2025-04
CUST-00430,2024-10-11,Quarterly,Enterprise,Organic,False,10,2024-10
CUST-00431,2024-08-26,Monthly,Consumer,Paid Search,True,5,2024-08
CUST-00432,2024-04-13,Monthly,Consumer,Email,True,14,2024-04
CUST-00433,2024-05-07,Annual,Enterprise,Paid Search,False,11,2024-05
CUST-00434,2024-05-15,Monthly,Consumer,Paid Search,False,19,2024-05
CUST-00435,2024-08-23,Monthly,Small Business,Paid Search,False,8,2024-08
CUST-00436,2024-05-18,Monthly,Consumer,Referral,False,7,2024-05
CUST-00437,2024-02-22,Monthly,Small Business,Email,False,1,2024-02
CUST-00438,2024-02-16,Monthly,Small Business,Paid Search,False,3,2024-02
CUST-00439,2024-07-31,Monthly,Consumer,Organic,False,16,2024-07
CUST-00440,2024-03-17,Monthly,Consumer,Referral,False,9,2024-03
CUST-00441,2025-02-13,Monthly,Consumer,Paid Search,False,2,2025-02
CUST-00442,2024-10-01,Quarterly,Small Business,Social,True,10,2024-10
CUST-00443,2024-03-17,Monthly,Small Business,Referral,False,6,2024-03
CUST-00444,2025-01-16,Quarterly,Small Business,Social,False,8,2025-01
CUST-00445,2024-05-21,Monthly,Consumer,Organic,False,4,2024-05
CUST-00446,2024-05-31,Quarterly,Consumer,Paid Search,True,12,2024-05
CUST-00447,2024-10-29,Monthly,Small Business,Referral,True,1,2024-10
CUST-00448,2024-09-24,Quarterly,Small Business,Email,False,5,2024-09
CUST-00449,2024-11-29,Monthly,Small Business,Referral,False,15,2024-11
CUST-00450,2024-11-02,Annual,Consumer,Organic,False,22,2024-11
CUST-00451,2024-11-27,Monthly,Enterprise,Paid Search,True,1,2024-11
CUST-00452,2025-04-07,Quarterly,Consumer,Organic,False,16,2025-04
CUST-00453,2024-03-04,Monthly,Consumer,Email,False,5,2024-03
CUST-00454,2024-06-05,Quarterly,Consumer,Referral,False,8,2024-06
CUST-00455,2024-03-28,Monthly,Small Business,Referral,False,9,2024-03
CUST-00456,2024-12-08,Annual,Consumer,Social,False,20,2024-12
CUST-00457,2024-03-01,Quarterly,Consumer,Organic,True,5,2024-03
CUST-00458,2024-11-12,Monthly,Consumer,Social,True,5,2024-11
CUST-00459,2024-05-10,Monthly,Consumer,Email,False,14,2024-05
CUST-00460,2024-02-18,Monthly,Consumer,Organic,False,10,2024-02
CUST-00461,2024-11-16,Quarterly,Consumer,Email,False,14,2024-11
CUST-00462,2024-12-14,Monthly,Enterprise,Paid Search,False,9,2024-12
CUST-00463,2024-04-20,Monthly,Enterprise,Email,False,2,2024-04
CUST-00464,2024-06-15,Monthly,Enterprise,Referral,False,2,2024-06
CUST-00465,2024-01-23,Monthly,Consumer,Social,True,11,2024-01
CUST-00466,2024-02-21,Monthly,Consumer,Social,True,6,2024-02
CUST-00467,2025-02-05,Annual,Consumer,Social,True,19,2025-02
CUST-00468,2024-07-14,Quarterly,Small Business,Paid Search,False,24,2024-07
CUST-00469,2025-02-23,Quarterly,Consumer,Referral,False,15,2025-02
CUST-00470,2025-02-05,Annual,Consumer,Email,False,13,2025-02
CUST-00471,2024-08-16,Annual,Consumer,Email,False,17,2024-08
CUST-00472,2024-01-11,Quarterly,Consumer,Organic,False,15,2024-01
CUST-00473,2024-05-05,Monthly,Consumer,Referral,False,11,2024-05
CUST-00474,2024-07-27,Monthly,Small Business,Paid Search,False,9,2024-07
CUST-00475,2025-01-23,Annual,Small Business,Paid Search,False,18,2025-01
CUST-00476,2025-03-09,Quarterly,Consumer,Email,False,2,2025-03
CUST-00477,2025-01-20,Monthly,Small Business,Email,False,7,2025-01
CUST-00478,2025-02-03,Annual,Consumer,Paid Search,True,18,2025-02
CUST-00479,2024-06-20,Monthly,Consumer,Referral,False,15,2024-06
CUST-00480,2025-02-02,Monthly,Small Business,Referral,True,1,2025-02
CUST-00481,2025-02-21,Monthly,Enterprise,Email,False,6,2025-02
CUST-00482,2024-11-23,Monthly,Consumer,Referral,False,5,2024-11
CUST-00483,2025-03-22,Monthly,Consumer,Social,True,9,2025-03
CUST-00484,2024-12-11,Monthly,Enterprise,Organic,False,3,2024-12
CUST-00485,2024-08-02,Monthly,Consumer,Paid Search,False,3,2024-08
CUST-00486,2024-07-12,Annual,Consumer,Social,False,12,2024-07
CUST-00487,2024-01-11,Quarterly,Consumer,Organic,True,4,2024-01
CUST-00488,2024-02-21,Monthly,Small Business,Social,False,10,2024-02
CUST-00489,2024-01-17,Annual,Enterprise,Referral,False,19,2024-01
CUST-00490,2024-07-28,Quarterly,Consumer,Organic,False,11,2024-07
CUST-00491,2024-04-13,Annual,Consumer,Social,False,19,2024-04
CUST-00492,2025-06-05,Annual,Consumer,Email,False,10,2025-06
CUST-00493,2024-10-21,Annual,Consumer,Social,False,15,2024-10
CUST-00494,2024-10-25,Monthly,Small Business,Social,True,9,2024-10
CUST-00495,2024-04-10,Monthly,Small Business,Email,False,6,2024-04
CUST-00496,2025-03-22,Monthly,Small Business,Organic,False,3,2025-03
CUST-00497,2024-06-16,Quarterly,Small Business,Paid Search,False,17,2024-06
CUST-00498,2024-08-09,Quarterly,Consumer,Paid Search,False,12,2024-08
CUST-00499,2024-10-04,Annual,Consumer,Paid Search,False,15,2024-10
CUST-00500,2024-01-30,Quarterly,Small Business,Paid Search,True,6,2024-01
CUST-00501,2024-10-14,Monthly,Consumer,Organic,False,10,2024-10
CUST-00502,2024-12-16,Monthly,Consumer,Email,True,9,2024-12
CUST-00503,2025-04-24,Annual,Consumer,Organic,False,27,2025-04
CUST-00504,2025-05-24,Monthly,Consumer,Referral,False,13,2025-05
CUST-00505,2024-12-18,Quarterly,Consumer,Social,False,17,2024-12
CUST-00506,2024-04-27,Monthly,Consumer,Email,False,1,2024-04
CUST-00507,2024-04-16,Monthly,Small Business,Referral,True,11,2024-04
CUST-00508,2025-04-12,Monthly,Consumer,Email,False,1,2025-04
CUST-00509,2025-06-21,Monthly,Consumer,Paid Search,False,5,2025-06
CUST-00510,2024-11-04,Monthly,Consumer,Email,False,11,2024-11
CUST-00511,2024-07-04,Quarterly,Consumer,Social,False,11,2024-07
CUST-00512,2024-05-28,Quarterly,Enterprise,Paid Search,False,3,2024-05
CUST-00513,2024-07-29,Monthly,Small Business,Referral,False,3,2024-07
CUST-00514,2024-09-29,Monthly,Small Business,Organic,False,16,2024-09
CUST-00515,2024-05-02,Monthly,Consumer,Organic,False,2,2024-05
CUST-00516,2024-04-20,Monthly,Small Business,Referral,True,9,2024-04
CUST-00517,2024-03-29,Monthly,Small Business,Social,False,18,2024-03
CUST-00518,2024-05-25,Monthly,Consumer,Referral,False,6,2024-05
CUST-00519,2024-07-07,Monthly,Small Business,Paid Search,True,6,2024-07
CUST-00520,2024-09-27,Monthly,Enterprise,Referral,False,6,2024-09
CUST-00521,2024-04-23,Monthly,Small Business,Paid Search,False,9,2024-04
CUST-00522,2024-11-29,Annual,Consumer,Email,False,26,2024-11
CUST-00523,2024-12-04,Monthly,Consumer,Email,False,3,2024-12
CUST-00524,2024-10-13,Monthly,Small Business,Email,False,2,2024-10
CUST-00525,2025-04-16,Quarterly,Consumer,Social,True,10,2025-04
CUST-00526,2024-08-31,Monthly,Small Business,Paid Search,True,6,2024-08
CUST-00527,2024-02-16,Monthly,Consumer,Referral,False,4,2024-02
CUST-00528,2024-08-08,Monthly,Small Business,Referral,False,2,2024-08
CUST-00529,2024-02-15,Annual,Small Business,Referral,False,23,2024-02
CUST-00530,2024-05-03,Quarterly,Consumer,Organic,False,2,2024-05
CUST-00531,2024-07-05,Monthly,Enterprise,Referral,False,4,2024-07
CUST-00532,2025-03-17,Quarterly,Small Business,Email,False,1,2025-03
CUST-00533,2024-01-02,Monthly,Consumer,Paid Search,True,6,2024-01
CUST-00534,2024-03-31,Annual,Consumer,Organic,False,14,2024-03
CUST-00535,2024-07-25,Monthly,Consumer,Social,False,7,2024-07
CUST-00536,2024-11-01,Annual,Consumer,Organic,False,17,2024-11
CUST-00537,2025-01-29,Quarterly,Small Business,Referral,True,14,2025-01
CUST-00538,2024-08-27,Monthly,Consumer,Email,False,1,2024-08
CUST-00539,2024-09-21,Monthly,Enterprise,Social,False,2,2024-09
CUST-00540,2024-07-23,Monthly,Consumer,Referral,False,2,2024-07
CUST-00541,2025-03-06,Monthly,Consumer,Paid Search,False,1,2025-03
CUST-00542,2024-08-26,Monthly,Consumer,Referral,False,15,2024-08
CUST-00543,2024-01-25,Quarterly,Small Business,Organic,False,5,2024-01
CUST-00544,2025-03-08,Annual,Small Business,Organic,False,22,2025-03
CUST-00545,2025-03-08,Monthly,Consumer,Referral,True,4,2025-03
CUST-00546,2024-09-13,Monthly,Small Business,Email,True,7,2024-09
CUST-00547,2024-02-18,Annual,Consumer,Referral,False,13,2024-02
CUST-00548,2024-05-24,Monthly,Small Business,Social,False,12,2024-05
CUST-00549,2025-02-23,Annual,Consumer,Referral,False,27,2025-02
CUST-00550,2025-03-09,Quarterly,Consumer,Referral,False,6,2025-03
CUST-00551,2024-02-26,Annual,Consumer,Referral,False,7,2024-02
CUST-00552,2024-06-18,Monthly,Small Business,Referral,False,3,2024-06
CUST-00553,2024-05-18,Monthly,Consumer,Paid Search,False,3,2024-05
CUST-00554,2025-01-08,Monthly,Consumer,Social,False,5,2025-01
CUST-00555,2024-03-05,Monthly,Enterprise,Referral,True,10,2024-03
CUST-00556,2025-01-16,Quarterly,Consumer,Referral,False,10,2025-01
CUST-00557,2025-06-22,Monthly,Consumer,Social,True,10,2025-06
CUST-00558,2024-01-12,Annual,Consumer,Email,False,26,2024-01
CUST-00559,2024-02-01,Monthly,Consumer,Email,True,1,2024-02
CUST-00560,2024-12-06,Annual,Consumer,Referral,False,21,2024-12
CUST-00561,2025-04-17,Monthly,Small Business,Organic,False,9,2025-04
CUST-00562,2025-01-17,Annual,Consumer,Paid Search,False,20,2025-01
CUST-00563,2024-11-26,Annual,Consumer,Paid Search,False,18,2024-11
CUST-00564,2024-04-24,Monthly,Consumer,Paid Search,False,1,2024-04
CUST-00565,2025-06-30,Monthly,Consumer,Paid Search,True,21,2025-06
CUST-00566,2024-05-26,Monthly,Small Business,Referral,False,4,2024-05
CUST-00567,2025-01-09,Annual,Small Business,Social,False,21,2025-01
CUST-00568,2025-03-02,Annual,Consumer,Social,False,23,2025-03
CUST-00569,2024-06-14,Monthly,Consumer,Referral,False,6,2024-06
CUST-00570,2025-04-08,Monthly,Small Business,Paid Search,False,5,2025-04
CUST-00571,2024-01-02,Monthly,Small Business,Organic,False,1,2024-01
CUST-00572,2024-07-23,Quarterly,Consumer,Paid Search,True,12,2024-07
CUST-00573,2025-04-16,Annual,Small Business,Social,False,7,2025-04
CUST-00574,2024-06-26,Monthly,Small Business,Paid Search,False,9,2024-06
CUST-00575,2025-06-26,Monthly,Consumer,Paid Search,False,3,2025-06
CUST-00576,2024-05-05,Quarterly,Small Business,Referral,False,3,2024-05
CUST-00577,2025-04-20,Quarterly,Small Business,Social,True,15,2025-04
CUST-00578,2025-04-18,Monthly,Consumer,Organic,False,8,2025-04
CUST-00579,2024-01-23,Quarterly,Consumer,Organic,False,14,2024-01
CUST-00580,2024-02-28,Monthly,Enterprise,Organic,False,1,2024-02
CUST-00581,2024-08-03,Monthly,Consumer,Paid Search,False,7,2024-08
CUST-00582,2024-11-06,Monthly,Consumer,Social,False,1,2024-11
CUST-00583,2024-09-13,Annual,Consumer,Organic,False,19,2024-09
CUST-00584,2024-03-07,Monthly,Consumer,Organic,True,12,2024-03
CUST-00585,2024-10-26,Monthly,Small Business,Paid Search,False,7,2024-10
CUST-00586,2024-03-08,Quarterly,Consumer,Social,False,7,2024-03
CUST-00587,2024-02-20,Quarterly,Consumer,Paid Search,False,18,2024-02
CUST-00588,2024-07-02,Monthly,Consumer,Paid Search,False,18,2024-07
CUST-00589,2024-05-08,Quarterly,Small Business,Organic,False,5,2024-05
CUST-00590,2025-05-06,Monthly,Consumer,Social,False,5,2025-05
CUST-00591,2024-03-07,Monthly,Small Business,Email,True,2,2024-03
CUST-00592,2024-07-07,Monthly,Consumer,Social,False,2,2024-07
CUST-00593,2025-01-22,Annual,Consumer,Organic,False,27,2025-01
CUST-00594,2024-06-24,Monthly,Consumer,Paid Search,False,4,2024-06
CUST-00595,2024-08-20,Monthly,Consumer,Paid Search,True,9,2024-08
CUST-00596,2024-07-31,Monthly,Consumer,Organic,False,1,2024-07
CUST-00597,2024-05-01,Quarterly,Enterprise,Social,False,15,2024-05
CUST-00598,2025-03-26,Monthly,Consumer,Organic,False,1,2025-03
CUST-00599,2024-03-01,Monthly,Consumer,Social,True,7,2024-03
CUST-00600,2024-02-13,Monthly,Small Business,Referral,False,11,2024-02
CUST-00601,2024-11-28,Monthly,Consumer,Paid Search,False,6,2024-11
CUST-00602,2025-02-26,Monthly,Consumer,Social,True,6,2025-02
CUST-00603,2024-11-20,Annual,Consumer,Email,False,7,2024-11
CUST-00604,2025-04-16,Monthly,Small Business,Referral,True,7,2025-04
CUST-00605,2025-04-23,Monthly,Consumer,Email,True,6,2025-04
CUST-00606,2024-09-04,Quarterly,Small Business,Email,False,11,2024-09
CUST-00607,2024-03-07,Monthly,Consumer,Paid Search,True,8,2024-03
CUST-00608,2024-11-07,Quarterly,Consumer,Organic,False,15,2024-11
CUST-00609,2024-04-06,Monthly,Small Business,Email,False,4,2024-04
CUST-00610,2024-05-11,Monthly,Consumer,Email,False,8,2024-05
CUST-00611,2024-04-30,Annual,Small Business,Email,False,20,2024-04
CUST-00612,2024-02-08,Monthly,Consumer,Paid Search,True,1,2024-02
CUST-00613,2025-04-18,Annual,Consumer,Paid Search,False,13,2025-04
CUST-00614,2025-05-17,Monthly,Consumer,Social,False,7,2025-05
CUST-00615,2024-08-05,Monthly,Small Business,Organic,True,11,2024-08
CUST-00616,2024-01-12,Monthly,Small Business,Social,False,8,2024-01
CUST-00617,2024-04-24,Monthly,Consumer,Social,False,10,2024-04
CUST-00618,2025-01-21,Annual,Consumer,Referral,False,26,2025-01
CUST-00619,2025-02-11,Monthly,Consumer,Paid Search,True,4,2025-02
CUST-00620,2024-01-21,Monthly,Consumer,Email,True,11,2024-01
CUST-00621,2024-07-21,Annual,Small Business,Organic,True,17,2024-07
CUST-00622,2025-01-18,Quarterly,Small Business,Referral,False,1,2025-01
CUST-00623,2025-06-04,Monthly,Consumer,Paid Search,False,9,2025-06
CUST-00624,2024-01-20,Monthly,Consumer,Organic,False,4,2024-01
CUST-00625,2025-05-04,Annual,Consumer,Organic,False,19,2025-05
CUST-00626,2024-12-15,Monthly,Small Business,Email,False,8,2024-12
CUST-00627,2024-03-27,Monthly,Consumer,Social,False,5,2024-03
CUST-00628,2024-09-20,Monthly,Small Business,Email,False,9,2024-09
CUST-00629,2025-02-24,Annual,Enterprise,Social,False,13,2025-02
CUST-00630,2025-04-16,Monthly,Enterprise,Organic,True,4,2025-04
CUST-00631,2024-02-06,Annual,Enterprise,Organic,False,21,2024-02
CUST-00632,2024-09-24,Monthly,Consumer,Referral,False,3,2024-09
CUST-00633,2025-06-27,Monthly,Small Business,Social,True,10,2025-06
CUST-00634,2024-07-02,Monthly,Small Business,Referral,True,1,2024-07
CUST-00635,2024-01-10,Monthly,Small Business,Referral,True,2,2024-01
CUST-00636,2025-03-02,Quarterly,Consumer,Referral,False,3,2025-03
CUST-00637,2025-03-11,Monthly,Small Business,Organic,False,2,2025-03
CUST-00638,2024-01-09,Annual,Enterprise,Organic,False,26,2024-01
CUST-00639,2024-09-29,Monthly,Consumer,Organic,True,1,2024-09
CUST-00640,2024-05-02,Monthly,Enterprise,Referral,False,4,2024-05
CUST-00641,2024-07-22,Monthly,Consumer,Social,False,8,2024-07
CUST-00642,2024-12-04,Annual,Consumer,Organic,False,18,2024-12
CUST-00643,2024-05-15,Annual,Small Business,Social,False,24,2024-05
CUST-00644,2024-04-04,Annual,Consumer,Organic,False,13,2024-04
CUST-00645,2024-05-25,Annual,Consumer,Social,False,21,2024-05
CUST-00646,2025-05-09,Quarterly,Small Business,Referral,False,13,2025-05
CUST-00647,2025-03-12,Monthly,Consumer,Paid Search,False,1,2025-03
CUST-00648,2024-05-23,Quarterly,Consumer,Social,True,9,2024-05
CUST-00649,2024-12-10,Annual,Small Business,Referral,False,22,2024-12
CUST-00650,2024-02-02,Quarterly,Small Business,Email,False,6,2024-02
CUST-00651,2025-03-15,Monthly,Consumer,Referral,False,5,2025-03
CUST-00652,2024-02-08,Annual,Consumer,Referral,False,24,2024-02
CUST-00653,2024-06-21,Monthly,Consumer,Social,False,1,2024-06
CUST-00654,2024-01-23,Quarterly,Consumer,Paid Search,False,16,2024-01
CUST-00655,2024-08-24,Quarterly,Small Business,Paid Search,False,12,2024-08
CUST-00656,2024-08-16,Quarterly,Consumer,Referral,True,6,2024-08
CUST-00657,2024-07-19,Monthly,Consumer,Paid Search,True,11,2024-07
CUST-00658,2024-05-02,Monthly,Consumer,Referral,True,9,2024-05
CUST-00659,2024-02-28,Monthly,Consumer,Email,True,3,2024-02
CUST-00660,2024-04-04,Quarterly,Consumer,Social,False,14,2024-04
CUST-00661,2024-09-10,Quarterly,Consumer,Referral,False,12,2024-09
CUST-00662,2024-03-21,Quarterly,Small Business,Organic,False,9,2024-03
CUST-00663,2024-09-18,Annual,Consumer,Social,False,24,2024-09
CUST-00664,2024-10-19,Monthly,Consumer,Email,False,1,2024-10
CUST-00665,2024-03-17,Monthly,Small Business,Paid Search,False,3,2024-03
CUST-00666,2024-07-28,Monthly,Consumer,Social,False,1,2024-07
CUST-00667,2024-06-02,Annual,Consumer,Organic,False,20,2024-06
CUST-00668,2025-05-02,Monthly,Small Business,Organic,False,9,2025-05
CUST-00669,2025-03-30,Monthly,Small Business,Paid Search,False,13,2025-03
CUST-00670,2025-06-25,Monthly,Consumer,Email,False,16,2025-06
CUST-00671,2024-11-26,Monthly,Consumer,Email,False,8,2024-11
CUST-00672,2025-02-16,Monthly,Consumer,Paid Search,True,1,2025-02
CUST-00673,2024-05-26,Monthly,Consumer,Social,True,7,2024-05
CUST-00674,2024-12-30,Monthly,Consumer,Organic,False,10,2024-12
CUST-00675,2024-06-12,Monthly,Consumer,Referral,True,10,2024-06
CUST-00676,2024-04-13,Monthly,Consumer,Paid Search,True,1,2024-04
CUST-00677,2024-12-04,Quarterly,Consumer,Referral,False,19,2024-12
CUST-00678,2024-08-10,Monthly,Consumer,Organic,True,7,2024-08
CUST-00679,2024-03-17,Quarterly,Enterprise,Paid Search,False,5,2024-03
CUST-00680,2024-06-13,Monthly,Small Business,Email,True,2,2024-06
CUST-00681,2024-03-10,Monthly,Consumer,Organic,False,5,2024-03
CUST-00682,2024-11-01,Monthly,Small Business,Referral,False,9,2024-11
CUST-00683,2024-09-13,Monthly,Consumer,Social,False,5,2024-09
CUST-00684,2024-04-16,Monthly,Consumer,Paid Search,False,1,2024-04
CUST-00685,2024-03-26,Monthly,Consumer,Email,True,9,2024-03
CUST-00686,2025-06-23,Monthly,Consumer,Paid Search,False,7,2025-06
CUST-00687,2024-01-24,Monthly,Small Business,Referral,False,1,2024-01
CUST-00688,2024-06-27,Quarterly,Small Business,Paid Search,False,13,2024-06
CUST-00689,2025-03-25,Monthly,Small Business,Paid Search,True,8,2025-03
CUST-00690,2025-02-23,Monthly,Small Business,Paid Search,True,2,2025-02
CUST-00691,2024-06-12,Annual,Small Business,Referral,False,18,2024-06
CUST-00692,2024-11-12,Monthly,Consumer,Social,False,1,2024-11
CUST-00693,2024-12-10,Annual,Consumer,Organic,True,22,2024-12
CUST-00694,2024-07-06,Quarterly,Enterprise,Email,False,5,2024-07
CUST-00695,2025-06-12,Monthly,Small Business,Referral,False,13,2025-06
CUST-00696,2024-10-29,Monthly,Small Business,Email,True,6,2024-10
CUST-00697,2025-03-13,Quarterly,Consumer,Paid Search,False,6,2025-03
CUST-00698,2025-05-17,Monthly,Consumer,Paid Search,False,10,2025-05
CUST-00699,2024-04-10,Quarterly,Consumer,Social,False,12,2024-04
CUST-00700,2024-08-15,Monthly,Small Business,Email,False,6,2024-08
CUST-00701,2025-03-06,Monthly,Consumer,Social,False,5,2025-03
CUST-00702,2024-03-26,Monthly,Small Business,Social,False,9,2024-03
CUST-00703,2025-06-16,Quarterly,Small Business,Email,False,18,2025-06
CUST-00704,2024-09-16,Monthly,Consumer,Email,False,17,2024-09
CUST-00705,2024-11-03,Quarterly,Consumer,Referral,False,9,2024-11
CUST-00706,2024-12-29,Annual,Small Business,Paid Search,False,18,2024-12
CUST-00707,2025-04-25,Monthly,Consumer,Email,True,9,2025-04
CUST-00708,2025-01-11,Quarterly,Enterprise,Social,False,14,2025-01
CUST-00709,2025-02-05,Monthly,Consumer,Referral,False,1,2025-02
CUST-00710,2024-12-18,Quarterly,Enterprise,Email,False,10,2024-12
CUST-00711,2024-08-22,Annual,Consumer,Email,False,10,2024-08
CUST-00712,2024-09-01,Monthly,Enterprise,Social,False,10,2024-09
CUST-00713,2024-03-16,Annual,Consumer,Referral,False,19,2024-03
CUST-00714,2024-01-25,Annual,Consumer,Paid Search,False,22,2024-01
CUST-00715,2024-04-23,Monthly,Consumer,Social,True,16,2024-04
CUST-00716,2024-03-26,Annual,Consumer,Referral,False,21,2024-03
CUST-00717,2025-02-04,Quarterly,Small Business,Social,False,1,2025-02
CUST-00718,2025-06-08,Monthly,Enterprise,Referral,True,1,2025-06
CUST-00719,2024-09-12,Annual,Consumer,Paid Search,False,19,2024-09
CUST-00720,2024-06-17,Monthly,Consumer,Email,True,12,2024-06
CUST-00721,2024-08-20,Quarterly,Consumer,Social,False,15,2024-08
CUST-00722,2024-08-21,Monthly,Consumer,Referral,False,3,2024-08
CUST-00723,2024-08-19,Monthly,Consumer,Email,True,4,2024-08
CUST-00724,2025-01-15,Monthly,Consumer,Organic,False,4,2025-01
CUST-00725,2024-12-29,Monthly,Small Business,Organic,False,3,2024-12
CUST-00726,2024-05-14,Monthly,Consumer,Social,False,1,2024-05
CUST-00727,2024-03-04,Quarterly,Consumer,Email,False,12,2024-03
CUST-00728,2025-01-04,Monthly,Consumer,Social,False,10,2025-01
CUST-00729,2024-01-04,Monthly,Small Business,Referral,False,1,2024-01
CUST-00730,2025-04-18,Quarterly,Consumer,Paid Search,False,2,2025-04
CUST-00731,2024-04-01,Monthly,Enterprise,Paid Search,False,4,2024-04
CUST-00732,2024-07-25,Annual,Small Business,Referral,False,34,2024-07
CUST-00733,2024-04-10,Monthly,Enterprise,Social,False,1,2024-04
CUST-00734,2024-06-11,Annual,Consumer,Paid Search,False,18,2024-06
CUST-00735,2025-05-16,Quarterly,Small Business,Social,False,16,2025-05
CUST-00736,2025-06-16,Annual,Consumer,Paid Search,False,19,2025-06
CUST-00737,2024-11-02,Monthly,Consumer,Paid Search,False,9,2024-11
CUST-00738,2024-08-30,Monthly,Consumer,Email,True,9,2024-08
CUST-00739,2025-02-12,Annual,Consumer,Paid Search,False,22,2025-02
CUST-00740,2025-06-10,Monthly,Small Business,Referral,True,11,2025-06
CUST-00741,2024-01-01,Monthly,Consumer,Social,False,12,2024-01
CUST-00742,2025-03-04,Monthly,Small Business,Social,True,8,2025-03
CUST-00743,2025-04-25,Monthly,Consumer,Referral,True,8,2025-04
CUST-00744,2024-02-20,Annual,Consumer,Email,False,19,2024-02
CUST-00745,2024-03-07,Monthly,Small Business,Organic,False,2,2024-03
CUST-00746,2025-04-15,Quarterly,Small Business,Social,False,14,2025-04
CUST-00747,2025-03-14,Quarterly,Consumer,Social,False,10,2025-03
CUST-00748,2025-04-08,Monthly,Consumer,Email,True,1,2025-04
CUST-00749,2024-08-27,Annual,Consumer,Referral,False,23,2024-08
CUST-00750,2025-05-11,Monthly,Small Business,Referral,False,7,2025-05
CUST-00751,2024-06-06,Annual,Small Business,Referral,False,13,2024-06
CUST-00752,2025-04-07,Annual,Consumer,Social,False,26,2025-04
CUST-00753,2024-09-11,Annual,Small Business,Social,False,22,2024-09
CUST-00754,2025-02-26,Quarterly,Small Business,Email,False,19,2025-02
CUST-00755,2024-05-12,Monthly,Consumer,Organic,True,9,2024-05
CUST-00756,2024-04-24,Monthly,Consumer,Email,True,6,2024-04
CUST-00757,2024-09-15,Quarterly,Consumer,Paid Search,True,12,2024-09
CUST-00758,2025-05-15,Monthly,Consumer,Referral,True,10,2025-05
CUST-00759,2025-04-07,Monthly,Small Business,Paid Search,False,8,2025-04
CUST-00760,2025-02-14,Monthly,Consumer,Organic,True,12,2025-02
CUST-00761,2025-04-12,Annual,Small Business,Paid Search,False,9,2025-04
CUST-00762,2024-03-01,Monthly,Consumer,Email,False,5,2024-03
CUST-00763,2024-04-04,Annual,Consumer,Paid Search,False,14,2024-04
CUST-00764,2025-05-28,Monthly,Consumer,Email,False,9,2025-05
CUST-00765,2024-07-12,Monthly,Consumer,Organic,False,1,2024-07
CUST-00766,2024-09-05,Monthly,Consumer,Paid Search,False,2,2024-09
CUST-00767,2025-04-10,Annual,Small Business,Email,False,16,2025-04
CUST-00768,2024-09-05,Monthly,Small Business,Referral,False,7,2024-09
CUST-00769,2024-10-02,Annual,Small Business,Referral,True,24,2024-10
CUST-00770,2025-05-19,Monthly,Consumer,Paid Search,False,1,2025-05
CUST-00771,2024-08-28,Annual,Small Business,Paid Search,False,13,2024-08
CUST-00772,2025-05-17,Monthly,Small Business,Paid Search,True,9,2025-05
CUST-00773,2025-06-26,Monthly,Consumer,Organic,True,10,2025-06
CUST-00774,2025-02-19,Annual,Consumer,Social,False,15,2025-02
CUST-00775,2024-01-29,Monthly,Small Business,Organic,True,14,2024-01
CUST-00776,2024-03-01,Monthly,Small Business,Paid Search,False,4,2024-03
CUST-00777,2024-03-11,Monthly,Consumer,Email,False,3,2024-03
CUST-00778,2025-05-04,Monthly,Consumer,Organic,False,11,2025-05
CUST-00779,2025-04-17,Quarterly,Small Business,Email,False,11,2025-04
CUST-00780,2025-06-05,Monthly,Enterprise,Social,False,6,2025-06
CUST-00781,2024-09-19,Annual,Consumer,Referral,False,15,2024-09
CUST-00782,2024-02-04,Monthly,Enterprise,Social,False,5,2024-02
CUST-00783,2025-05-16,Monthly,Small Business,Paid Search,False,5,2025-05
CUST-00784,2024-01-12,Monthly,Small Business,Referral,False,5,2024-01
CUST-00785,2024-01-01,Monthly,Consumer,Paid Search,False,1,2024-01
CUST-00786,2024-03-26,Monthly,Small Business,Social,False,3,2024-03
CUST-00787,2024-11-19,Monthly,Small Business,Paid Search,True,5,2024-11
CUST-00788,2024-05-24,Monthly,Small Business,Social,True,4,2024-05
CUST-00789,2024-12-19,Annual,Consumer,Referral,True,21,2024-12
CUST-00790,2024-11-14,Monthly,Consumer,Paid Search,False,2,2024-11
CUST-00791,2024-02-11,Quarterly,Enterprise,Email,True,2,2024-02
CUST-00792,2024-09-21,Monthly,Small Business,Email,False,5,2024-09
CUST-00793,2025-04-08,Annual,Consumer,Email,False,27,2025-04
CUST-00794,2024-11-21,Annual,Consumer,Organic,True,7,2024-11
CUST-00795,2024-03-08,Annual,Consumer,Organic,False,16,2024-03
CUST-00796,2024-08-08,Quarterly,Consumer,Referral,False,5,2024-08
CUST-00797,2024-11-26,Monthly,Consumer,Paid Search,False,8,2024-11
CUST-00798,2024-09-10,Monthly,Small Business,Referral,True,4,2024-09
CUST-00799,2024-11-27,Quarterly,Consumer,Organic,False,9,2024-11
CUST-00800,2025-03-30,Monthly,Consumer,Organic,False,5,2025-03
CUST-00801,2024-11-08,Annual,Consumer,Social,False,28,2024-11
CUST-00802,2025-06-09,Quarterly,Small Business,Paid Search,True,11,2025-06
CUST-00803,2025-03-02,Monthly,Small Business,Referral,False,5,2025-03
CUST-00804,2024-03-06,Monthly,Small Business,Email,False,4,2024-03
CUST-00805,2025-02-06,Monthly,Consumer,Referral,True,6,2025-02
CUST-00806,2025-01-07,Quarterly,Consumer,Paid Search,False,5,2025-01
CUST-00807,2024-02-08,Monthly,Consumer,Paid Search,True,1,2024-02
CUST-00808,2025-03-04,Monthly,Consumer,Organic,True,10,2025-03
CUST-00809,2024-03-01,Monthly,Small Business,Organic,False,6,2024-03
CUST-00810,2025-04-30,Monthly,Consumer,Email,False,3,2025-04
CUST-00811,2024-06-28,Annual,Consumer,Email,False,17,2024-06
CUST-00812,2024-09-21,Monthly,Small Business,Email,False,6,2024-09
CUST-00813,2025-02-14,Annual,Consumer,Social,False,16,2025-02
CUST-00814,2024-11-02,Quarterly,Consumer,Paid Search,True,10,2024-11
CUST-00815,2024-11-13,Annual,Consumer,Referral,False,22,2024-11
CUST-00816,2024-03-29,Annual,Consumer,Paid Search,False,18,2024-03
CUST-00817,2024-05-11,Quarterly,Consumer,Organic,False,9,2024-05
CUST-00818,2024-06-19,Monthly,Consumer,Email,False,8,2024-06
CUST-00819,2024-02-28,Monthly,Consumer,Social,False,2,2024-02
CUST-00820,2024-02-23,Annual,Consumer,Social,True,6,2024-02
CUST-00821,2025-02-06,Monthly,Small Business,Social,True,13,2025-02
CUST-00822,2024-01-08,Monthly,Consumer,Email,True,12,2024-01
CUST-00823,2025-05-05,Annual,Consumer,Referral,False,16,2025-05
CUST-00824,2024-09-09,Quarterly,Consumer,Organic,False,9,2024-09
CUST-00825,2024-01-10,Quarterly,Enterprise,Social,False,8,2024-01
CUST-00826,2025-04-08,Quarterly,Consumer,Referral,False,13,2025-04
CUST-00827,2025-02-19,Monthly,Consumer,Organic,True,2,2025-02
CUST-00828,2025-06-30,Monthly,Consumer,Social,False,6,2025-06
CUST-00829,2024-06-13,Annual,Small Business,Organic,False,27,2024-06
CUST-00830,2025-03-23,Monthly,Consumer,Email,False,1,2025-03
CUST-00831,2024-08-04,Annual,Small Business,Organic,False,15,2024-08
CUST-00832,2024-03-20,Monthly,Consumer,Referral,True,3,2024-03
CUST-00833,2024-09-08,Quarterly,Small Business,Organic,True,8,2024-09
CUST-00834,2025-01-12,Annual,Consumer,Paid Search,False,26,2025-01
CUST-00835,2024-10-24,Monthly,Consumer,Organic,False,3,2024-10
CUST-00836,2025-04-18,Monthly,Consumer,Social,False,2,2025-04
CUST-00837,2024-08-21,Monthly,Consumer,Paid Search,True,7,2024-08
CUST-00838,2024-09-12,Monthly,Consumer,Paid Search,True,1,2024-09
CUST-00839,2024-11-04,Monthly,Small Business,Organic,False,10,2024-11
CUST-00840,2024-08-14,Quarterly,Consumer,Referral,False,15,2024-08
CUST-00841,2024-07-02,Quarterly,Consumer,Referral,False,11,2024-07
CUST-00842,2024-10-19,Monthly,Consumer,Organic,False,4,2024-10
CUST-00843,2025-03-22,Annual,Enterprise,Social,False,26,2025-03
CUST-00844,2024-08-31,Monthly,Consumer,Organic,True,3,2024-08
CUST-00845,2024-06-02,Monthly,Consumer,Organic,True,4,2024-06
CUST-00846,2024-06-07,Monthly,Small Business,Email,False,1,2024-06
CUST-00847,2024-06-24,Quarterly,Enterprise,Organic,False,11,2024-06
CUST-00848,2025-04-04,Annual,Consumer,Organic,False,19,2025-04
CUST-00849,2024-10-30,Monthly,Consumer,Paid Search,True,5,2024-10
CUST-00850,2024-04-02,Monthly,Consumer,Email,False,12,2024-04
CUST-00851,2024-11-25,Quarterly,Consumer,Social,False,1,2024-11
CUST-00852,2024-12-18,Monthly,Consumer,Organic,True,7,2024-12
CUST-00853,2024-09-21,Quarterly,Consumer,Email,True,14,2024-09
CUST-00854,2025-06-08,Monthly,Small Business,Social,False,8,2025-06
CUST-00855,2024-03-25,Annual,Small Business,Referral,False,22,2024-03
CUST-00856,2024-06-26,Quarterly,Enterprise,Email,False,14,2024-06
CUST-00857,2024-05-16,Monthly,Small Business,Email,True,1,2024-05
CUST-00858,2024-09-13,Annual,Consumer,Email,False,20,2024-09
CUST-00859,2024-08-30,Monthly,Consumer,Referral,False,1,2024-08
CUST-00860,2025-01-13,Quarterly,Small Business,Social,False,3,2025-01
CUST-00861,2024-05-25,Monthly,Enterprise,Email,True,2,2024-05
CUST-00862,2024-12-12,Monthly,Small Business,Paid Search,True,5,2024-12
CUST-00863,2025-04-17,Monthly,Small Business,Paid Search,False,1,2025-04
CUST-00864,2024-04-03,Monthly,Consumer,Referral,True,9,2024-04
CUST-00865,2025-03-12,Quarterly,Consumer,Organic,False,11,2025-03
CUST-00866,2025-02-01,Monthly,Small Business,Social,True,11,2025-02
CUST-00867,2024-06-18,Monthly,Consumer,Organic,False,5,2024-06
CUST-00868,2025-04-03,Monthly,Small Business,Referral,False,13,2025-04
CUST-00869,2024-12-06,Monthly,Small Business,Referral,False,8,2024-12
CUST-00870,2025-04-08,Monthly,Consumer,Referral,False,8,2025-04
CUST-00871,2025-01-07,Monthly,Consumer,Organic,True,9,2025-01
CUST-00872,2025-02-01,Quarterly,Consumer,Social,False,13,2025-02
CUST-00873,2024-04-25,Annual,Enterprise,Social,False,20,2024-04
CUST-00874,2024-08-22,Annual,Enterprise,Email,False,25,2024-08
CUST-00875,2024-06-05,Monthly,Consumer,Email,True,4,2024-06
CUST-00876,2024-05-13,Monthly,Consumer,Organic,False,7,2024-05
CUST-00877,2025-04-26,Annual,Consumer,Social,False,21,2025-04
CUST-00878,2025-03-10,Annual,Enterprise,Referral,False,20,2025-03
CUST-00879,2024-11-03,Monthly,Small Business,Email,False,10,2024-11
CUST-00880,2024-08-29,Monthly,Enterprise,Referral,False,13,2024-08
CUST-00881,2024-08-14,Quarterly,Enterprise,Paid Search,False,9,2024-08
CUST-00882,2025-04-16,Annual,Consumer,Social,False,15,2025-04
CUST-00883,2024-04-01,Monthly,Consumer,Email,True,12,2024-04
CUST-00884,2024-12-29,Monthly,Consumer,Organic,True,11,2024-12
CUST-00885,2024-05-14,Quarterly,Consumer,Social,True,8,2024-05
CUST-00886,2024-08-08,Quarterly,Small Business,Email,False,14,2024-08
CUST-00887,2024-11-20,Monthly,Consumer,Social,False,9,2024-11
CUST-00888,2024-01-14,Annual,Small Business,Referral,False,19,2024-01
CUST-00889,2025-05-14,Monthly,Consumer,Referral,True,4,2025-05
CUST-00890,2025-05-06,Monthly,Consumer,Email,False,11,2025-05
CUST-00891,2025-01-19,Monthly,Consumer,Organic,False,9,2025-01
CUST-00892,2024-09-08,Monthly,Small Business,Social,True,9,2024-09
CUST-00893,2024-07-26,Annual,Consumer,Social,False,16,2024-07
CUST-00894,2024-01-26,Quarterly,Consumer,Referral,True,18,2024-01
CUST-00895,2024-07-04,Monthly,Small Business,Paid Search,False,2,2024-07
CUST-00896,2024-06-08,Annual,Small Business,Paid Search,False,18,2024-06
CUST-00897,2024-07-23,Monthly,Consumer,Email,True,7,2024-07
CUST-00898,2024-02-01,Annual,Consumer,Organic,False,13,2024-02
CUST-00899,2025-01-21,Quarterly,Consumer,Social,False,18,2025-01
CUST-00900,2024-07-25,Annual,Consumer,Social,False,15,2024-07
CUST-00901,2024-12-13,Monthly,Consumer,Paid Search,False,1,2024-12
CUST-00902,2024-05-21,Monthly,Consumer,Referral,False,4,2024-05
CUST-00903,2025-03-24,Monthly,Consumer,Paid Search,True,9,2025-03
CUST-00904,2025-01-17,Monthly,Consumer,Referral,False,11,2025-01
CUST-00905,2024-05-20,Monthly,Consumer,Social,False,1,2024-05
CUST-00906,2024-01-08,Monthly,Consumer,Social,False,13,2024-01
CUST-00907,2025-05-11,Monthly,Consumer,Social,False,16,2025-05
CUST-00908,2024-11-04,Monthly,Enterprise,Email,False,8,2024-11
CUST-00909,2024-06-03,Monthly,Consumer,Social,True,8,2024-06
CUST-00910,2024-10-26,Annual,Enterprise,Organic,False,20,2024-10
CUST-00911,2024-01-12,Monthly,Consumer,Social,False,10,2024-01
CUST-00912,2024-10-29,Monthly,Small Business,Email,False,11,2024-10
CUST-00913,2024-03-17,Quarterly,Small Business,Paid Search,False,11,2024-03
CUST-00914,2024-12-12,Monthly,Consumer,Paid Search,False,1,2024-12
CUST-00915,2024-11-22,Monthly,Enterprise,Organic,False,6,2024-11
CUST-00916,2025-01-16,Annual,Enterprise,Paid Search,False,20,2025-01
CUST-00917,2024-03-08,Quarterly,Enterprise,Email,True,6,2024-03
CUST-00918,2024-09-15,Quarterly,Consumer,Organic,False,10,2024-09
CUST-00919,2024-04-04,Annual,Consumer,Organic,True,22,2024-04
CUST-00920,2025-01-07,Quarterly,Small Business,Email,False,8,2025-01
CUST-00921,2025-02-11,Monthly,Consumer,Email,False,1,2025-02
CUST-00922,2024-06-18,Monthly,Consumer,Paid Search,True,3,2024-06
CUST-00923,2024-08-23,Quarterly,Enterprise,Paid Search,False,11,2024-08
CUST-00924,2024-06-27,Monthly,Small Business,Organic,False,9,2024-06
CUST-00925,2024-04-28,Quarterly,Consumer,Referral,False,10,2024-04
CUST-00926,2024-01-08,Monthly,Consumer,Email,False,1,2024-01
CUST-00927,2025-05-30,Monthly,Consumer,Referral,False,13,2025-05
CUST-00928,2025-02-28,Quarterly,Consumer,Referral,False,4,2025-02
CUST-00929,2025-03-06,Monthly,Small Business,Paid Search,False,3,2025-03
CUST-00930,2025-06-29,Annual,Consumer,Referral,False,15,2025-06
CUST-00931,2025-04-30,Quarterly,Small Business,Email,False,14,2025-04
CUST-00932,2024-02-21,Monthly,Consumer,Social,False,11,2024-02
CUST-00933,2025-01-30,Monthly,Consumer,Email,True,5,2025-01
CUST-00934,2024-09-27,Annual,Consumer,Paid Search,False,21,2024-09
CUST-00935,2025-04-08,Annual,Small Business,Organic,False,20,2025-04
CUST-00936,2024-04-02,Monthly,Consumer,Email,False,2,2024-04
CUST-00937,2024-02-21,Quarterly,Consumer,Organic,False,13,2024-02
CUST-00938,2024-02-12,Monthly,Consumer,Referral,False,9,2024-02
CUST-00939,2024-09-16,Monthly,Consumer,Organic,True,5,2024-09
CUST-00940,2024-12-01,Monthly,Small Business,Referral,False,10,2024-12
CUST-00941,2024-09-11,Annual,Consumer,Referral,True,23,2024-09
CUST-00942,2024-10-25,Quarterly,Consumer,Social,False,9,2024-10
CUST-00943,2025-03-28,Monthly,Small Business,Social,True,1,2025-03
CUST-00944,2024-05-10,Quarterly,Small Business,Organic,False,8,2024-05
CUST-00945,2024-09-12,Monthly,Enterprise,Referral,False,7,2024-09
CUST-00946,2024-01-15,Annual,Small Business,Referral,False,17,2024-01
CUST-00947,2025-02-15,Monthly,Consumer,Paid Search,False,5,2025-02
CUST-00948,2024-11-26,Quarterly,Small Business,Email,False,11,2024-11
CUST-00949,2025-06-04,Annual,Enterprise,Organic,True,13,2025-06
CUST-00950,2025-02-18,Monthly,Consumer,Email,False,1,2025-02
CUST-00951,2024-01-30,Monthly,Small Business,Referral,False,5,2024-01
CUST-00952,2025-02-02,Monthly,Consumer,Email,True,1,2025-02
CUST-00953,2024-11-25,Monthly,Small Business,Paid Search,False,4,2024-11
CUST-00954,2024-11-09,Monthly,Consumer,Email,False,10,2024-11
CUST-00955,2025-04-06,Monthly,Consumer,Email,False,6,2025-04
CUST-00956,2025-06-29,Annual,Consumer,Social,False,13,2025-06
CUST-00957,2024-03-29,Monthly,Small Business,Paid Search,False,3,2024-03
CUST-00958,2024-04-20,Monthly,Enterprise,Paid Search,True,9,2024-04
CUST-00959,2025-04-21,Monthly,Consumer,Email,True,5,2025-04
CUST-00960,2024-05-07,Monthly,Consumer,Paid Search,False,3,2024-05
CUST-00961,2025-01-28,Monthly,Consumer,Referral,False,11,2025-01
CUST-00962,2024-10-06,Monthly,Consumer,Social,False,6,2024-10
CUST-00963,2024-04-10,Annual,Small Business,Paid Search,False,30,2024-04
CUST-00964,2024-04-29,Quarterly,Consumer,Paid Search,False,21,2024-04
CUST-00965,2024-01-01,Quarterly,Consumer,Paid Search,True,7,2024-01
CUST-00966,2024-02-13,Monthly,Enterprise,Email,False,9,2024-02
CUST-00967,2024-06-10,Monthly,Consumer,Referral,False,1,2024-06
CUST-00968,2025-04-18,Annual,Consumer,Paid Search,False,6,2025-04
CUST-00969,2024-04-18,Monthly,Enterprise,Referral,True,8,2024-04
CUST-00970,2024-08-30,Quarterly,Consumer,Referral,False,11,2024-08
CUST-00971,2025-06-05,Monthly,Consumer,Organic,True,5,2025-06
CUST-00972,2024-01-26,Monthly,Consumer,Social,True,6,2024-01
CUST-00973,2025-05-30,Monthly,Consumer,Social,True,3,2025-05
CUST-00974,2025-06-26,Quarterly,Consumer,Social,True,12,2025-06
CUST-00975,2024-06-04,Annual,Small Business,Paid Search,False,18,2024-06
CUST-00976,2024-09-25,Quarterly,Consumer,Email,False,6,2024-09
CUST-00977,2025-02-04,Monthly,Consumer,Email,True,10,2025-02
CUST-00978,2024-04-10,Quarterly,Consumer,Social,False,3,2024-04
CUST-00979,2024-12-18,Annual,Consumer,Organic,False,29,2024-12
CUST-00980,2024-06-04,Annual,Small Business,Social,False,15,2024-06
CUST-00981,2025-04-09,Monthly,Consumer,Organic,False,3,2025-04
CUST-00982,2024-11-27,Annual,Small Business,Paid Search,False,19,2024-11
CUST-00983,2024-12-13,Monthly,Consumer,Paid Search,False,12,2024-12
CUST-00984,2025-04-25,Quarterly,Consumer,Paid Search,False,4,2025-04
CUST-00985,2024-06-13,Monthly,Consumer,Referral,False,1,2024-06
CUST-00986,2024-12-29,Monthly,Consumer,Organic,True,9,2024-12
CUST-00987,2024-09-06,Annual,Small Business,Paid Search,False,22,2024-09
CUST-00988,2025-06-28,Monthly,Consumer,Email,True,9,2025-06
CUST-00989,2024-06-13,Quarterly,Small Business,Organic,False,17,2024-06
CUST-00990,2024-10-12,Monthly,Consumer,Referral,False,11,2024-10
CUST-00991,2025-06-07,Quarterly,Consumer,Social,False,19,2025-06
CUST-00992,2024-07-06,Monthly,Small Business,Paid Search,False,11,2024-07
CUST-00993,2024-07-18,Annual,Small Business,Social,False,20,2024-07
CUST-00994,2024-03-11,Quarterly,Consumer,Referral,False,18,2024-03
CUST-00995,2024-05-09,Quarterly,Consumer,Social,False,20,2024-05
CUST-00996,2025-06-10,Monthly,Consumer,Social,True,13,2025-06
CUST-00997,2024-04-24,Monthly,Consumer,Paid Search,False,6,2024-04
CUST-00998,2024-11-20,Quarterly,Consumer,Referral,True,10,2024-11
CUST-00999,2024-06-23,Annual,Small Business,Social,False,25,2024-06
CUST-01000,2024-11-29,Quarterly,Small Business,Referral,False,16,2024-11
CUST-01001,2024-02-23,Annual,Small Business,Email,False,17,2024-02
CUST-01002,2025-02-12,Monthly,Consumer,Social,False,8,2025-02
CUST-01003,2024-08-09,Monthly,Consumer,Referral,False,7,2024-08
CUST-01004,2024-08-22,Monthly,Small Business,Social,False,16,2024-08
CUST-01005,2024-09-13,Quarterly,Consumer,Referral,False,16,2024-09
CUST-01006,2024-12-07,Monthly,Consumer,Organic,False,6,2024-12
CUST-01007,2025-05-17,Monthly,Small Business,Social,True,1,2025-05
CUST-01008,2024-08-19,Quarterly,Consumer,Referral,False,18,2024-08
CUST-01009,2025-03-22,Monthly,Consumer,Paid Search,False,11,2025-03
CUST-01010,2025-01-26,Monthly,Small Business,Organic,True,1,2025-01
CUST-01011,2025-02-22,Annual,Small Business,Social,False,19,2025-02
CUST-01012,2025-06-11,Monthly,Consumer,Organic,True,5,2025-06
CUST-01013,2024-08-11,Annual,Consumer,Social,True,13,2024-08
CUST-01014,2025-04-12,Annual,Small Business,Email,False,14,2025-04
CUST-01015,2025-05-27,Monthly,Consumer,Paid Search,False,8,2025-05
CUST-01016,2024-12-29,Monthly,Consumer,Paid Search,True,2,2024-12
CUST-01017,2025-01-08,Annual,Consumer,Paid Search,False,24,2025-01
CUST-01018,2024-05-12,Monthly,Consumer,Social,False,8,2024-05
CUST-01019,2024-02-03,Monthly,Consumer,Paid Search,False,4,2024-02
CUST-01020,2024-06-03,Annual,Consumer,Organic,True,18,2024-06
CUST-01021,2024-06-20,Quarterly,Consumer,Email,False,18,2024-06
CUST-01022,2025-02-23,Monthly,Consumer,Paid Search,True,10,2025-02
CUST-01023,2024-08-27,Monthly,Consumer,Paid Search,False,2,2024-08
CUST-01024,2024-08-03,Monthly,Small Business,Referral,True,4,2024-08
CUST-01025,2024-02-23,Quarterly,Consumer,Social,False,10,2024-02
CUST-01026,2024-07-16,Annual,Consumer,Email,False,14,2024-07
CUST-01027,2024-11-04,Quarterly,Small Business,Referral,False,7,2024-11
CUST-01028,2024-11-13,Monthly,Small Business,Email,False,1,2024-11
CUST-01029,2024-12-30,Quarterly,Consumer,Email,False,12,2024-12
CUST-01030,2024-09-01,Quarterly,Consumer,Email,True,9,2024-09
CUST-01031,2025-02-21,Annual,Small Business,Referral,False,19,2025-02
CUST-01032,2025-02-05,Monthly,Consumer,Social,True,6,2025-02
CUST-01033,2024-09-10,Monthly,Consumer,Email,False,3,2024-09
CUST-01034,2024-12-07,Monthly,Consumer,Organic,False,5,2024-12
CUST-01035,2024-09-21,Monthly,Consumer,Social,False,5,2024-09
CUST-01036,2025-06-14,Monthly,Enterprise,Email,False,10,2025-06
CUST-01037,2024-02-15,Monthly,Consumer,Referral,False,2,2024-02
CUST-01038,2025-01-15,Quarterly,Enterprise,Email,False,20,2025-01
CUST-01039,2025-05-25,Quarterly,Consumer,Email,True,13,2025-05
CUST-01040,2024-09-06,Annual,Consumer,Paid Search,False,15,2024-09
CUST-01041,2024-11-10,Monthly,Consumer,Organic,False,8,2024-11
CUST-01042,2024-04-06,Quarterly,Consumer,Organic,False,9,2024-04
CUST-01043,2024-01-16,Monthly,Consumer,Referral,False,5,2024-01
CUST-01044,2024-11-15,Quarterly,Consumer,Referral,False,8,2024-11
CUST-01045,2025-02-21,Quarterly,Consumer,Email,False,13,2025-02
CUST-01046,2025-06-04,Quarterly,Consumer,Referral,False,10,2025-06
CUST-01047,2024-07-18,Monthly,Consumer,Social,False,2,2024-07
CUST-01048,2025-03-09,Annual,Consumer,Email,False,20,2025-03
CUST-01049,2024-03-18,Quarterly,Small Business,Social,False,18,2024-03
CUST-01050,2024-10-08,Quarterly,Small Business,Referral,False,19,2024-10
CUST-01051,2024-12-25,Monthly,Consumer,Paid Search,True,13,2024-12
CUST-01052,2024-04-04,Monthly,Small Business,Email,False,9,2024-04
CUST-01053,2024-01-25,Quarterly,Small Business,Organic,False,10,2024-01
CUST-01054,2024-03-27,Annual,Consumer,Organic,False,21,2024-03
CUST-01055,2025-05-05,Monthly,Small Business,Paid Search,True,1,2025-05
CUST-01056,2024-10-20,Monthly,Consumer,Paid Search,False,3,2024-10
CUST-01057,2024-09-10,Monthly,Enterprise,Organic,False,1,2024-09
CUST-01058,2024-08-15,Annual,Consumer,Email,False,27,2024-08
CUST-01059,2025-04-27,Monthly,Small Business,Email,True,10,2025-04
CUST-01060,2024-06-27,Monthly,Consumer,Organic,False,3,2024-06
CUST-01061,2024-12-16,Monthly,Consumer,Social,True,6,2024-12
CUST-01062,2024-12-08,Monthly,Small Business,Social,True,7,2024-12
CUST-01063,2024-09-19,Quarterly,Consumer,Social,True,14,2024-09
CUST-01064,2025-03-23,Monthly,Consumer,Email,False,7,2025-03
CUST-01065,2025-05-16,Annual,Consumer,Email,False,20,2025-05
CUST-01066,2024-09-06,Monthly,Consumer,Social,False,1,2024-09
CUST-01067,2024-05-04,Annual,Small Business,Paid Search,False,20,2024-05
CUST-01068,2024-05-29,Monthly,Small Business,Referral,True,12,2024-05
CUST-01069,2024-11-16,Monthly,Consumer,Paid Search,True,1,2024-11
CUST-01070,2025-05-06,Monthly,Enterprise,Organic,False,2,2025-05
CUST-01071,2024-03-17,Monthly,Consumer,Organic,False,1,2024-03
CUST-01072,2024-08-04,Monthly,Consumer,Organic,False,11,2024-08
CUST-01073,2024-01-11,Quarterly,Consumer,Organic,False,4,2024-01
CUST-01074,2025-03-10,Monthly,Consumer,Paid Search,False,12,2025-03
CUST-01075,2025-01-07,Monthly,Consumer,Paid Search,True,1,2025-01
CUST-01076,2025-05-23,Monthly,Small Business,Referral,False,8,2025-05
CUST-01077,2024-11-14,Quarterly,Consumer,Email,False,5,2024-11
CUST-01078,2025-01-31,Quarterly,Enterprise,Email,False,12,2025-01
CUST-01079,2025-04-24,Monthly,Small Business,Organic,False,6,2025-04
CUST-01080,2024-04-30,Quarterly,Consumer,Paid Search,False,16,2024-04
CUST-01081,2024-01-17,Monthly,Consumer,Organic,True,1,2024-01
CUST-01082,2024-03-09,Monthly,Consumer,Referral,False,9,2024-03
CUST-01083,2024-05-24,Monthly,Small Business,Email,True,4,2024-05
CUST-01084,2024-12-15,Quarterly,Enterprise,Email,True,11,2024-12
CUST-01085,2025-02-10,Quarterly,Consumer,Paid Search,True,17,2025-02
CUST-01086,2024-03-08,Monthly,Consumer,Paid Search,True,9,2024-03
CUST-01087,2024-02-11,Monthly,Small Business,Paid Search,False,6,2024-02
CUST-01088,2024-03-02,Monthly,Consumer,Organic,False,11,2024-03
CUST-01089,2024-06-26,Monthly,Small Business,Organic,False,1,2024-06
CUST-01090,2024-11-12,Monthly,Small Business,Referral,False,1,2024-11
CUST-01091,2025-04-08,Quarterly,Consumer,Email,False,20,2025-04
CUST-01092,2024-09-20,Quarterly,Consumer,Referral,False,15,2024-09
CUST-01093,2024-09-30,Monthly,Consumer,Referral,True,4,2024-09
CUST-01094,2024-01-26,Monthly,Small Business,Social,False,1,2024-01
CUST-01095,2025-04-20,Monthly,Small Business,Paid Search,False,6,2025-04
CUST-01096,2025-04-06,Annual,Enterprise,Social,False,23,2025-04
CUST-01097,2024-03-21,Quarterly,Small Business,Email,False,14,2024-03
CUST-01098,2024-02-15,Monthly,Small Business,Social,True,5,2024-02
CUST-01099,2024-02-22,Quarterly,Consumer,Referral,False,14,2024-02
CUST-01100,2024-12-25,Quarterly,Consumer,Social,False,15,2024-12
CUST-01101,2025-05-16,Annual,Small Business,Social,False,17,2025-05
CUST-01102,2024-10-16,Quarterly,Consumer,Email,False,12,2024-10
CUST-01103,2025-02-16,Annual,Enterprise,Paid Search,False,22,2025-02
CUST-01104,2024-10-16,Monthly,Consumer,Organic,False,1,2024-10
CUST-01105,2024-05-30,Monthly,Consumer,Paid Search,False,11,2024-05
CUST-01106,2024-08-14,Monthly,Consumer,Organic,False,10,2024-08
CUST-01107,2025-01-23,Annual,Enterprise,Email,False,25,2025-01
CUST-01108,2025-06-16,Annual,Small Business,Organic,False,21,2025-06
CUST-01109,2024-05-03,Quarterly,Small Business,Referral,False,11,2024-05
CUST-01110,2025-04-13,Monthly,Small Business,Social,False,2,2025-04
CUST-01111,2024-02-26,Monthly,Consumer,Email,False,11,2024-02
CUST-01112,2024-04-08,Annual,Small Business,Referral,False,10,2024-04
CUST-01113,2025-05-28,Annual,Small Business,Referral,False,18,2025-05
CUST-01114,2025-03-09,Monthly,Small Business,Email,False,1,2025-03
CUST-01115,2024-11-16,Annual,Consumer,Organic,False,25,2024-11
CUST-01116,2024-10-29,Quarterly,Small Business,Paid Search,False,22,2024-10
CUST-01117,2025-04-22,Annual,Consumer,Referral,False,23,2025-04
CUST-01118,2024-07-23,Annual,Consumer,Referral,False,21,2024-07
CUST-01119,2025-01-02,Quarterly,Consumer,Organic,False,19,2025-01
CUST-01120,2024-01-17,Annual,Consumer,Paid Search,False,23,2024-01
CUST-01121,2025-03-05,Quarterly,Small Business,Social,False,16,2025-03
CUST-01122,2024-06-02,Annual,Small Business,Social,False,16,2024-06
CUST-01123,2024-10-30,Annual,Consumer,Email,False,31,2024-10
CUST-01124,2025-01-04,Quarterly,Consumer,Organic,True,10,2025-01
CUST-01125,2024-04-11,Annual,Consumer,Organic,False,11,2024-04
CUST-01126,2024-05-04,Monthly,Small Business,Email,False,1,2024-05
CUST-01127,2024-08-23,Monthly,Consumer,Paid Search,False,11,2024-08
CUST-01128,2024-09-17,Monthly,Consumer,Paid Search,True,8,2024-09
CUST-01129,2024-05-03,Quarterly,Consumer,Organic,False,16,2024-05
CUST-01130,2024-10-01,Monthly,Consumer,Organic,True,5,2024-10
CUST-01131,2024-09-29,Monthly,Consumer,Organic,True,4,2024-09
CUST-01132,2025-04-28,Quarterly,Consumer,Organic,False,13,2025-04
CUST-01133,2024-01-24,Annual,Consumer,Organic,False,15,2024-01
CUST-01134,2024-11-02,Monthly,Consumer,Organic,False,2,2024-11
CUST-01135,2025-05-29,Quarterly,Small Business,Paid Search,True,2,2025-05
CUST-01136,2024-07-27,Quarterly,Consumer,Paid Search,False,4,2024-07
CUST-01137,2024-11-13,Monthly,Small Business,Paid Search,False,5,2024-11
CUST-01138,2025-06-05,Quarterly,Small Business,Social,False,18,2025-06
CUST-01139,2024-05-13,Monthly,Small Business,Paid Search,False,7,2024-05
CUST-01140,2024-12-16,Monthly,Consumer,Referral,False,3,2024-12
CUST-01141,2025-02-01,Monthly,Consumer,Paid Search,False,6,2025-02
CUST-01142,2025-01-04,Monthly,Consumer,Referral,False,11,2025-01
CUST-01143,2024-03-26,Monthly,Consumer,Email,False,7,2024-03
CUST-01144,2025-05-03,Monthly,Small Business,Email,False,12,2025-05
CUST-01145,2024-12-20,Monthly,Small Business,Paid Search,True,12,2024-12
CUST-01146,2024-10-17,Monthly,Small Business,Referral,False,14,2024-10
CUST-01147,2024-06-16,Monthly,Consumer,Referral,False,8,2024-06
CUST-01148,2024-07-14,Monthly,Small Business,Social,False,12,2024-07
CUST-01149,2024-01-11,Monthly,Small Business,Email,False,4,2024-01
CUST-01150,2024-12-27,Quarterly,Small Business,Social,True,16,2024-12
CUST-01151,2024-03-24,Monthly,Small Business,Social,False,5,2024-03
CUST-01152,2025-02-27,Monthly,Consumer,Organic,True,9,2025-02
CUST-01153,2025-01-14,Monthly,Small Business,Referral,True,4,2025-01
CUST-01154,2024-12-07,Monthly,Consumer,Social,False,1,2024-12
CUST-01155,2024-08-01,Quarterly,Small Business,Organic,False,10,2024-08
CUST-01156,2024-04-19,Monthly,Consumer,Social,True,3,2024-04
CUST-01157,2025-06-09,Annual,Consumer,Referral,False,19,2025-06
CUST-01158,2025-04-23,Monthly,Consumer,Organic,False,5,2025-04
CUST-01159,2025-03-06,Monthly,Consumer,Paid Search,False,9,2025-03
CUST-01160,2025-06-22,Monthly,Consumer,Organic,False,9,2025-06
CUST-01161,2025-04-30,Monthly,Small Business,Email,False,10,2025-04
CUST-01162,2025-04-07,Quarterly,Consumer,Referral,False,8,2025-04
CUST-01163,2024-05-07,Monthly,Consumer,Social,False,7,2024-05
CUST-01164,2025-05-20,Quarterly,Consumer,Referral,False,19,2025-05
CUST-01165,2024-03-09,Monthly,Enterprise,Paid Search,True,2,2024-03
CUST-01166,2024-05-11,Quarterly,Enterprise,Email,False,15,2024-05
CUST-01167,2024-09-04,Monthly,Consumer,Social,False,6,2024-09
CUST-01168,2024-11-13,Annual,Consumer,Organic,True,24,2024-11
CUST-01169,2024-01-10,Monthly,Consumer,Social,False,8,2024-01
CUST-01170,2024-09-11,Annual,Enterprise,Email,False,25,2024-09
CUST-01171,2025-01-31,Monthly,Enterprise,Paid Search,False,14,2025-01
CUST-01172,2025-05-16,Monthly,Consumer,Organic,False,17,2025-05
CUST-01173,2025-05-23,Annual,Consumer,Paid Search,True,20,2025-05
CUST-01174,2025-02-20,Annual,Consumer,Paid Search,False,18,2025-02
CUST-01175,2024-01-27,Monthly,Small Business,Paid Search,True,3,2024-01
CUST-01176,2025-01-18,Annual,Consumer,Organic,False,19,2025-01
CUST-01177,2025-01-30,Monthly,Small Business,Referral,True,4,2025-01
CUST-01178,2024-10-19,Monthly,Consumer,Email,False,10,2024-10
CUST-01179,2025-01-29,Annual,Consumer,Referral,False,24,2025-01
CUST-01180,2024-08-22,Monthly,Consumer,Email,False,6,2024-08
CUST-01181,2024-12-02,Quarterly,Small Business,Referral,False,11,2024-12
CUST-01182,2024-03-31,Quarterly,Small Business,Paid Search,False,14,2024-03
CUST-01183,2024-01-05,Quarterly,Consumer,Paid Search,False,5,2024-01
CUST-01184,2024-04-24,Monthly,Enterprise,Referral,True,4,2024-04
CUST-01185,2025-02-25,Quarterly,Small Business,Referral,False,14,2025-02
CUST-01186,2024-10-11,Quarterly,Consumer,Social,True,16,2024-10
CUST-01187,2024-08-08,Monthly,Small Business,Email,True,7,2024-08
CUST-01188,2025-03-02,Monthly,Small Business,Paid Search,False,6,2025-03
CUST-01189,2025-03-18,Quarterly,Consumer,Social,True,14,2025-03
CUST-01190,2024-06-19,Monthly,Consumer,Email,False,9,2024-06
CUST-01191,2024-05-08,Quarterly,Enterprise,Paid Search,False,7,2024-05
CUST-01192,2025-04-03,Monthly,Consumer,Paid Search,False,1,2025-04
CUST-01193,2024-09-13,Monthly,Consumer,Referral,False,11,2024-09
CUST-01194,2024-01-25,Quarterly,Consumer,Social,False,6,2024-01
CUST-01195,2025-06-19,Monthly,Small Business,Referral,False,6,2025-06
CUST-01196,2024-04-15,Monthly,Enterprise,Referral,False,1,2024-04
CUST-01197,2024-06-16,Monthly,Consumer,Email,False,5,2024-06
CUST-01198,2024-04-19,Annual,Consumer,Organic,False,27,2024-04
CUST-01199,2024-02-18,Monthly,Small Business,Referral,True,9,2024-02
CUST-01200,2025-06-02,Annual,Consumer,Social,False,27,2025-06
CUST-01201,2024-03-07,Monthly,Consumer,Referral,True,1,2024-03
CUST-01202,2024-09-04,Monthly,Small Business,Referral,False,12,2024-09
CUST-01203,2024-09-05,Monthly,Consumer,Referral,True,7,2024-09
CUST-01204,2024-06-24,Monthly,Small Business,Email,False,13,2024-06
CUST-01205,2024-03-21,Annual,Enterprise,Email,True,18,2024-03
CUST-01206,2024-08-17,Monthly,Consumer,Social,True,3,2024-08
CUST-01207,2024-11-05,Annual,Enterprise,Organic,False,25,2024-11
CUST-01208,2025-06-24,Quarterly,Enterprise,Email,False,15,2025-06
CUST-01209,2024-09-25,Quarterly,Small Business,Organic,False,4,2024-09
CUST-01210,2024-05-12,Monthly,Consumer,Email,True,9,2024-05
CUST-01211,2025-04-26,Monthly,Consumer,Email,False,1,2025-04
CUST-01212,2024-11-11,Quarterly,Consumer,Organic,False,19,2024-11
CUST-01213,2024-10-02,Monthly,Consumer,Referral,True,8,2024-10
CUST-01214,2024-02-26,Monthly,Consumer,Email,False,8,2024-02
CUST-01215,2025-01-02,Quarterly,Consumer,Social,False,17,2025-01
CUST-01216,2025-01-08,Quarterly,Small Business,Organic,True,7,2025-01
CUST-01217,2024-04-21,Monthly,Consumer,Social,False,2,2024-04
CUST-01218,2024-10-29,Monthly,Consumer,Social,False,1,2024-10
CUST-01219,2024-06-08,Quarterly,Consumer,Social,False,7,2024-06
CUST-01220,2024-06-16,Quarterly,Consumer,Referral,False,17,2024-06
CUST-01221,2024-01-16,Monthly,Consumer,Organic,True,7,2024-01
CUST-01222,2025-02-12,Monthly,Consumer,Referral,False,4,2025-02
CUST-01223,2024-10-15,Monthly,Consumer,Referral,True,12,2024-10
CUST-01224,2024-05-11,Quarterly,Consumer,Email,False,6,2024-05
CUST-01225,2024-05-11,Quarterly,Consumer,Social,False,16,2024-05
CUST-01226,2024-11-20,Monthly,Consumer,Organic,False,1,2024-11
CUST-01227,2025-06-18,Monthly,Enterprise,Organic,True,11,2025-06
CUST-01228,2025-05-17,Monthly,Small Business,Social,True,1,2025-05
CUST-01229,2024-04-16,Monthly,Consumer,Social,True,4,2024-04
CUST-01230,2024-06-23,Quarterly,Small Business,Organic,False,15,2024-06
CUST-01231,2025-04-20,Annual,Consumer,Organic,False,26,2025-04
CUST-01232,2024-12-08,Quarterly,Consumer,Social,True,14,2024-12
CUST-01233,2024-07-17,Quarterly,Consumer,Paid Search,False,12,2024-07
CUST-01234,2024-08-26,Quarterly,Consumer,Email,False,1,2024-08
CUST-01235,2024-01-06,Monthly,Small Business,Referral,False,7,2024-01
CUST-01236,2025-01-20,Monthly,Small Business,Paid Search,True,12,2025-01
CUST-01237,2024-04-27,Monthly,Small Business,Email,False,6,2024-04
CUST-01238,2024-01-12,Monthly,Consumer,Social,False,1,2024-01
CUST-01239,2024-10-20,Monthly,Consumer,Organic,True,6,2024-10
CUST-01240,2024-03-17,Quarterly,Small Business,Social,True,9,2024-03
CUST-01241,2024-03-22,Monthly,Consumer,Social,True,10,2024-03
CUST-01242,2025-06-05,Monthly,Consumer,Social,False,13,2025-06
CUST-01243,2025-04-09,Monthly,Small Business,Email,False,2,2025-04
CUST-01244,2024-12-24,Annual,Consumer,Email,False,15,2024-12
CUST-01245,2024-02-22,Monthly,Consumer,Email,False,3,2024-02
CUST-01246,2024-01-02,Monthly,Consumer,Social,False,1,2024-01
CUST-01247,2024-02-27,Annual,Consumer,Referral,False,19,2024-02
CUST-01248,2024-10-15,Monthly,Small Business,Referral,False,8,2024-10
CUST-01249,2024-11-24,Monthly,Consumer,Email,True,10,2024-11
CUST-01250,2024-08-08,Annual,Small Business,Email,False,28,2024-08
CUST-01251,2025-04-24,Annual,Consumer,Email,False,24,2025-04
CUST-01252,2024-07-06,Monthly,Consumer,Social,True,2,2024-07
CUST-01253,2024-08-02,Monthly,Consumer,Paid Search,False,1,2024-08
CUST-01254,2025-06-14,Quarterly,Consumer,Social,True,1,2025-06
CUST-01255,2025-04-19,Quarterly,Consumer,Organic,False,15,2025-04
CUST-01256,2024-04-02,Quarterly,Consumer,Referral,False,18,2024-04
CUST-01257,2025-04-12,Annual,Consumer,Email,False,29,2025-04
CUST-01258,2024-07-30,Monthly,Small Business,Organic,True,6,2024-07
CUST-01259,2024-06-07,Monthly,Consumer,Organic,False,9,2024-06
CUST-01260,2025-04-18,Quarterly,Consumer,Paid Search,False,5,2025-04
CUST-01261,2025-04-18,Quarterly,Enterprise,Referral,False,11,2025-04
CUST-01262,2025-06-06,Quarterly,Consumer,Paid Search,True,18,2025-06
CUST-01263,2024-03-05,Monthly,Consumer,Social,True,5,2024-03
CUST-01264,2024-05-25,Quarterly,Small Business,Social,True,9,2024-05
CUST-01265,2024-10-12,Monthly,Consumer,Paid Search,True,7,2024-10
CUST-01266,2024-07-31,Annual,Consumer,Referral,False,11,2024-07
CUST-01267,2025-05-16,Monthly,Enterprise,Paid Search,False,6,2025-05
CUST-01268,2025-02-11,Annual,Consumer,Social,False,16,2025-02
CUST-01269,2024-03-14,Monthly,Small Business,Referral,False,1,2024-03
CUST-01270,2024-08-24,Quarterly,Small Business,Organic,True,10,2024-08
CUST-01271,2024-10-12,Monthly,Small Business,Referral,True,1,2024-10
CUST-01272,2024-03-16,Monthly,Small Business,Email,True,5,2024-03
CUST-01273,2024-10-16,Monthly,Small Business,Email,False,1,2024-10
CUST-01274,2024-01-08,Annual,Consumer,Referral,False,19,2024-01
CUST-01275,2024-12-09,Annual,Consumer,Paid Search,False,14,2024-12
CUST-01276,2024-12-22,Monthly,Small Business,Organic,False,1,2024-12
CUST-01277,2025-02-25,Annual,Consumer,Email,False,11,2025-02
CUST-01278,2024-04-30,Annual,Small Business,Email,False,17,2024-04
CUST-01279,2025-02-19,Monthly,Consumer,Paid Search,False,10,2025-02
CUST-01280,2025-01-13,Monthly,Small Business,Paid Search,False,1,2025-01
CUST-01281,2024-03-04,Monthly,Enterprise,Paid Search,False,2,2024-03
CUST-01282,2025-04-02,Monthly,Consumer,Organic,True,7,2025-04
CUST-01283,2024-09-15,Monthly,Consumer,Paid Search,False,6,2024-09
CUST-01284,2024-10-06,Quarterly,Consumer,Paid Search,True,15,2024-10
CUST-01285,2024-10-22,Quarterly,Enterprise,Email,False,7,2024-10
CUST-01286,2024-05-28,Quarterly,Small Business,Social,False,10,2024-05
CUST-01287,2024-02-04,Annual,Enterprise,Paid Search,False,32,2024-02
CUST-01288,2024-12-18,Monthly,Enterprise,Organic,True,10,2024-12
CUST-01289,2025-05-08,Quarterly,Small Business,Referral,False,21,2025-05
CUST-01290,2024-06-23,Annual,Enterprise,Referral,False,18,2024-06
CUST-01291,2024-10-21,Monthly,Consumer,Social,False,11,2024-10
CUST-01292,2024-02-05,Annual,Consumer,Email,False,22,2024-02
CUST-01293,2024-08-20,Quarterly,Consumer,Organic,True,7,2024-08
CUST-01294,2024-02-13,Monthly,Small Business,Organic,True,7,2024-02
CUST-01295,2025-04-14,Monthly,Consumer,Organic,False,4,2025-04
CUST-01296,2024-11-28,Monthly,Small Business,Email,False,13,2024-11
CUST-01297,2025-04-14,Quarterly,Consumer,Organic,False,19,2025-04
CUST-01298,2025-02-17,Monthly,Small Business,Email,False,1,2025-02
CUST-01299,2025-02-07,Quarterly,Consumer,Paid Search,True,12,2025-02
CUST-01300,2025-05-19,Monthly,Small Business,Paid Search,False,1,2025-05
CUST-01301,2024-01-13,Annual,Small Business,Paid Search,False,19,2024-01
CUST-01302,2024-06-23,Monthly,Consumer,Organic,False,8,2024-06
CUST-01303,2024-08-28,Monthly,Small Business,Paid Search,True,7,2024-08
CUST-01304,2024-11-29,Quarterly,Consumer,Referral,False,8,2024-11
CUST-01305,2024-01-03,Monthly,Consumer,Social,True,6,2024-01
CUST-01306,2025-05-09,Quarterly,Consumer,Paid Search,False,16,2025-05
CUST-01307,2025-01-07,Monthly,Consumer,Paid Search,False,16,2025-01
CUST-01308,2024-05-21,Annual,Consumer,Social,False,20,2024-05
CUST-01309,2024-02-15,Monthly,Small Business,Email,True,1,2024-02
CUST-01310,2024-06-26,Quarterly,Consumer,Referral,False,11,2024-06
CUST-01311,2024-11-02,Quarterly,Consumer,Paid Search,False,8,2024-11
CUST-01312,2025-06-09,Monthly,Consumer,Referral,True,3,2025-06
CUST-01313,2024-11-25,Monthly,Consumer,Paid Search,True,10,2024-11
CUST-01314,2025-01-12,Quarterly,Consumer,Organic,False,16,2025-01
CUST-01315,2025-06-21,Monthly,Small Business,Email,True,4,2025-06
CUST-01316,2024-01-03,Monthly,Small Business,Paid Search,False,5,2024-01
CUST-01317,2025-03-23,Annual,Small Business,Email,False,23,2025-03
CUST-01318,2024-08-02,Annual,Consumer,Social,False,24,2024-08
CUST-01319,2024-11-24,Monthly,Enterprise,Paid Search,True,11,2024-11
CUST-01320,2024-11-19,Annual,Consumer,Referral,False,12,2024-11
CUST-01321,2024-08-04,Annual,Consumer,Organic,False,22,2024-08
CUST-01322,2024-11-29,Monthly,Consumer,Paid Search,True,10,2024-11
CUST-01323,2024-07-17,Monthly,Small Business,Organic,False,8,2024-07
CUST-01324,2025-03-26,Quarterly,Consumer,Referral,False,16,2025-03
CUST-01325,2024-07-22,Quarterly,Small Business,Organic,True,10,2024-07
CUST-01326,2024-01-09,Annual,Small Business,Email,False,19,2024-01
CUST-01327,2024-07-19,Annual,Small Business,Social,False,26,2024-07
CUST-01328,2025-06-03,Quarterly,Consumer,Organic,False,16,2025-06
CUST-01329,2024-05-13,Annual,Consumer,Social,False,15,2024-05
CUST-01330,2024-04-16,Quarterly,Consumer,Email,False,16,2024-04
CUST-01331,2024-05-26,Annual,Enterprise,Organic,False,26,2024-05
CUST-01332,2025-05-22,Monthly,Consumer,Paid Search,False,20,2025-05
CUST-01333,2024-07-27,Monthly,Small Business,Paid Search,True,2,2024-07
CUST-01334,2024-04-14,Monthly,Small Business,Paid Search,True,5,2024-04
CUST-01335,2024-01-27,Monthly,Small Business,Email,False,6,2024-01
CUST-01336,2025-06-27,Monthly,Small Business,Organic,True,5,2025-06
CUST-01337,2025-06-25,Annual,Consumer,Social,False,23,2025-06
CUST-01338,2024-09-17,Monthly,Consumer,Email,False,8,2024-09
CUST-01339,2024-11-16,Quarterly,Consumer,Organic,True,8,2024-11
CUST-01340,2025-04-06,Monthly,Small Business,Social,True,8,2025-04
CUST-01341,2024-07-20,Quarterly,Consumer,Referral,False,6,2024-07
CUST-01342,2025-05-12,Monthly,Consumer,Paid Search,False,1,2025-05
CUST-01343,2025-05-18,Monthly,Consumer,Email,False,3,2025-05
CUST-01344,2024-04-15,Monthly,Consumer,Email,False,9,2024-04
CUST-01345,2024-03-11,Monthly,Enterprise,Referral,False,1,2024-03
CUST-01346,2024-08-15,Quarterly,Consumer,Email,False,23,2024-08
CUST-01347,2024-12-14,Quarterly,Enterprise,Social,False,16,2024-12
CUST-01348,2025-02-06,Quarterly,Small Business,Referral,False,17,2025-02
CUST-01349,2025-03-10,Quarterly,Consumer,Referral,False,24,2025-03
CUST-01350,2024-02-25,Monthly,Enterprise,Social,True,1,2024-02
CUST-01351,2024-10-10,Monthly,Consumer,Social,False,4,2024-10
CUST-01352,2024-02-01,Monthly,Consumer,Social,False,8,2024-02
CUST-01353,2024-03-19,Quarterly,Consumer,Paid Search,False,8,2024-03
CUST-01354,2024-03-21,Monthly,Consumer,Email,True,7,2024-03
CUST-01355,2024-03-11,Monthly,Consumer,Organic,False,6,2024-03
CUST-01356,2024-02-15,Quarterly,Small Business,Organic,False,16,2024-02
CUST-01357,2025-02-25,Annual,Consumer,Email,False,19,2025-02
CUST-01358,2025-05-19,Annual,Consumer,Organic,False,25,2025-05
CUST-01359,2024-08-31,Quarterly,Consumer,Email,True,5,2024-08
CUST-01360,2025-01-31,Monthly,Small Business,Referral,True,11,2025-01
CUST-01361,2025-06-13,Monthly,Consumer,Email,True,9,2025-06
CUST-01362,2025-04-05,Monthly,Small Business,Social,False,14,2025-04
CUST-01363,2025-04-03,Monthly,Small Business,Paid Search,False,8,2025-04
CUST-01364,2024-02-03,Annual,Small Business,Paid Search,False,28,2024-02
CUST-01365,2024-11-20,Monthly,Consumer,Referral,False,9,2024-11
CUST-01366,2024-01-31,Quarterly,Small Business,Social,False,7,2024-01
CUST-01367,2024-03-03,Monthly,Consumer,Social,True,1,2024-03
CUST-01368,2025-02-14,Monthly,Consumer,Social,False,7,2025-02
CUST-01369,2024-03-20,Annual,Consumer,Social,False,12,2024-03
CUST-01370,2025-05-23,Monthly,Consumer,Referral,True,7,2025-05
CUST-01371,2024-06-23,Monthly,Enterprise,Organic,False,1,2024-06
CUST-01372,2024-02-01,Annual,Consumer,Paid Search,False,16,2024-02
CUST-01373,2024-11-05,Annual,Small Business,Organic,False,25,2024-11
CUST-01374,2024-09-29,Annual,Consumer,Social,False,29,2024-09
CUST-01375,2025-03-31,Monthly,Consumer,Social,False,1,2025-03
CUST-01376,2025-06-17,Monthly,Consumer,Email,False,16,2025-06
CUST-01377,2024-01-15,Quarterly,Consumer,Paid Search,False,3,2024-01
CUST-01378,2024-09-09,Quarterly,Consumer,Social,False,9,2024-09
CUST-01379,2024-08-14,Monthly,Consumer,Social,False,15,2024-08
CUST-01380,2025-02-23,Quarterly,Enterprise,Email,False,16,2025-02
CUST-01381,2024-06-09,Monthly,Enterprise,Organic,False,5,2024-06
CUST-01382,2025-04-17,Quarterly,Consumer,Referral,False,14,2025-04
CUST-01383,2024-02-08,Monthly,Enterprise,Email,True,8,2024-02
CUST-01384,2024-10-06,Monthly,Consumer,Social,False,10,2024-10
CUST-01385,2024-11-30,Monthly,Consumer,Social,False,1,2024-11
CUST-01386,2025-01-20,Monthly,Consumer,Organic,False,4,2025-01
CUST-01387,2024-04-03,Monthly,Small Business,Referral,True,1,2024-04
CUST-01388,2025-01-10,Annual,Small Business,Email,False,27,2025-01
CUST-01389,2024-07-20,Monthly,Consumer,Organic,True,9,2024-07
CUST-01390,2025-05-07,Monthly,Consumer,Email,False,11,2025-05
CUST-01391,2024-03-06,Quarterly,Consumer,Email,True,15,2024-03
CUST-01392,2024-03-15,Annual,Small Business,Paid Search,False,27,2024-03
CUST-01393,2024-02-28,Quarterly,Consumer,Social,False,5,2024-02
CUST-01394,2025-04-15,Annual,Consumer,Referral,False,18,2025-04
CUST-01395,2025-02-26,Quarterly,Consumer,Social,False,14,2025-02
CUST-01396,2025-02-19,Monthly,Consumer,Social,False,4,2025-02
CUST-01397,2024-09-12,Monthly,Enterprise,Social,False,3,2024-09
CUST-01398,2024-02-11,Monthly,Small Business,Organic,False,4,2024-02
CUST-01399,2024-01-14,Monthly,Small Business,Referral,False,1,2024-01
CUST-01400,2024-02-06,Monthly,Consumer,Organic,False,3,2024-02
CUST-01401,2024-06-07,Annual,Consumer,Email,False,22,2024-06
CUST-01402,2024-01-22,Monthly,Consumer,Organic,False,5,2024-01
CUST-01403,2025-03-31,Annual,Small Business,Social,False,17,2025-03
CUST-01404,2024-04-29,Quarterly,Consumer,Email,True,11,2024-04
CUST-01405,2024-02-07,Monthly,Consumer,Organic,False,8,2024-02
CUST-01406,2024-01-08,Quarterly,Enterprise,Organic,False,11,2024-01
CUST-01407,2024-10-16,Monthly,Small Business,Organic,True,8,2024-10
CUST-01408,2024-08-07,Quarterly,Consumer,Paid Search,False,3,2024-08
CUST-01409,2024-10-12,Quarterly,Small Business,Referral,False,12,2024-10
CUST-01410,2024-11-16,Annual,Consumer,Paid Search,False,25,2024-11
CUST-01411,2024-12-11,Quarterly,Consumer,Email,True,9,2024-12
CUST-01412,2025-02-22,Monthly,Consumer,Referral,True,17,2025-02
CUST-01413,2024-11-02,Annual,Consumer,Social,False,24,2024-11
CUST-01414,2024-05-31,Monthly,Small Business,Organic,True,5,2024-05
CUST-01415,2025-01-12,Monthly,Consumer,Paid Search,False,13,2025-01
CUST-01416,2025-01-23,Monthly,Consumer,Social,True,4,2025-01
CUST-01417,2024-07-01,Monthly,Small Business,Paid Search,True,1,2024-07
CUST-01418,2024-09-28,Quarterly,Consumer,Social,False,14,2024-09
CUST-01419,2024-09-25,Annual,Small Business,Email,False,22,2024-09
CUST-01420,2025-03-04,Monthly,Small Business,Paid Search,False,7,2025-03
CUST-01421,2024-11-05,Monthly,Consumer,Email,True,4,2024-11
CUST-01422,2024-09-19,Quarterly,Small Business,Paid Search,True,8,2024-09
CUST-01423,2024-08-12,Monthly,Enterprise,Social,False,12,2024-08
CUST-01424,2024-03-21,Annual,Enterprise,Paid Search,False,15,2024-03
CUST-01425,2025-04-09,Monthly,Consumer,Social,False,1,2025-04
CUST-01426,2024-10-09,Monthly,Enterprise,Social,False,11,2024-10
CUST-01427,2024-04-06,Monthly,Small Business,Referral,True,1,2024-04
CUST-01428,2025-04-28,Monthly,Enterprise,Organic,True,3,2025-04
CUST-01429,2024-04-25,Monthly,Small Business,Paid Search,False,4,2024-04
CUST-01430,2024-05-27,Monthly,Consumer,Referral,True,18,2024-05
CUST-01431,2024-01-23,Monthly,Small Business,Email,True,1,2024-01
CUST-01432,2024-08-09,Annual,Consumer,Paid Search,False,20,2024-08
CUST-01433,2024-03-18,Monthly,Consumer,Email,False,10,2024-03
CUST-01434,2025-03-18,Monthly,Small Business,Organic,True,1,2025-03
CUST-01435,2025-02-27,Annual,Small Business,Social,True,25,2025-02
CUST-01436,2025-06-08,Quarterly,Consumer,Paid Search,True,18,2025-06
CUST-01437,2024-07-12,Monthly,Consumer,Email,False,7,2024-07
CUST-01438,2024-07-02,Monthly,Consumer,Organic,False,11,2024-07
CUST-01439,2024-02-10,Annual,Consumer,Referral,False,21,2024-02
CUST-01440,2025-06-02,Annual,Consumer,Organic,True,15,2025-06
CUST-01441,2025-03-13,Monthly,Enterprise,Organic,False,2,2025-03
CUST-01442,2025-06-22,Monthly,Small Business,Social,False,5,2025-06
CUST-01443,2024-11-03,Monthly,Small Business,Referral,True,10,2024-11
CUST-01444,2025-03-07,Annual,Consumer,Social,True,18,2025-03
CUST-01445,2024-03-12,Quarterly,Small Business,Organic,False,3,2024-03
CUST-01446,2025-06-30,Monthly,Consumer,Email,False,7,2025-06
CUST-01447,2025-04-10,Monthly,Consumer,Paid Search,False,1,2025-04
CUST-01448,2024-06-25,Quarterly,Small Business,Organic,False,9,2024-06
CUST-01449,2025-01-19,Quarterly,Consumer,Social,False,17,2025-01
CUST-01450,2025-04-01,Monthly,Consumer,Paid Search,False,5,2025-04
CUST-01451,2024-04-03,Monthly,Consumer,Email,False,3,2024-04
CUST-01452,2024-02-08,Annual,Small Business,Paid Search,False,27,2024-02
CUST-01453,2024-05-14,Monthly,Enterprise,Paid Search,True,4,2024-05
CUST-01454,2024-02-16,Monthly,Consumer,Referral,False,9,2024-02
CUST-01455,2024-04-04,Quarterly,Enterprise,Social,True,5,2024-04
CUST-01456,2024-03-05,Quarterly,Consumer,Organic,True,10,2024-03
CUST-01457,2025-06-03,Monthly,Small Business,Organic,False,5,2025-06
CUST-01458,2025-05-15,Quarterly,Consumer,Referral,False,7,2025-05
CUST-01459,2025-06-18,Monthly,Consumer,Email,True,6,2025-06
CUST-01460,2025-01-06,Quarterly,Consumer,Organic,False,4,2025-01
CUST-01461,2024-04-21,Monthly,Small Business,Organic,False,3,2024-04
CUST-01462,2024-08-18,Monthly,Consumer,Referral,False,3,2024-08
CUST-01463,2024-09-09,Monthly,Consumer,Email,True,7,2024-09
CUST-01464,2024-03-12,Monthly,Small Business,Organic,False,6,2024-03
CUST-01465,2024-08-09,Monthly,Consumer,Social,False,6,2024-08
CUST-01466,2024-06-09,Monthly,Small Business,Social,False,6,2024-06
CUST-01467,2025-06-18,Annual,Small Business,Organic,False,15,2025-06
CUST-01468,2024-01-02,Monthly,Small Business,Email,False,2,2024-01
CUST-01469,2024-09-07,Monthly,Consumer,Paid Search,False,1,2024-09
CUST-01470,2024-10-19,Annual,Consumer,Organic,False,28,2024-10
CUST-01471,2024-06-23,Quarterly,Small Business,Social,False,19,2024-06
CUST-01472,2024-03-23,Annual,Consumer,Paid Search,False,19,2024-03
CUST-01473,2024-03-05,Monthly,Small Business,Social,True,6,2024-03
CUST-01474,2024-09-18,Monthly,Enterprise,Email,False,1,2024-09
CUST-01475,2024-09-21,Monthly,Consumer,Social,False,8,2024-09
CUST-01476,2025-05-12,Quarterly,Consumer,Referral,False,9,2025-05
CUST-01477,2024-09-01,Monthly,Consumer,Organic,False,1,2024-09
CUST-01478,2024-12-21,Quarterly,Small Business,Organic,False,15,2024-12
CUST-01479,2024-01-16,Quarterly,Enterprise,Organic,False,14,2024-01
CUST-01480,2024-12-20,Monthly,Consumer,Paid Search,False,6,2024-12
CUST-01481,2024-04-14,Monthly,Consumer,Email,False,5,2024-04
CUST-01482,2025-03-17,Monthly,Small Business,Paid Search,True,3,2025-03
CUST-01483,2024-01-28,Quarterly,Small Business,Email,False,23,2024-01
CUST-01484,2025-05-27,Monthly,Enterprise,Referral,False,4,2025-05
CUST-01485,2024-08-27,Quarterly,Consumer,Organic,False,3,2024-08
CUST-01486,2025-02-12,Quarterly,Small Business,Email,True,5,2025-02
CUST-01487,2024-08-04,Annual,Consumer,Paid Search,False,15,2024-08
CUST-01488,2024-11-05,Monthly,Small Business,Referral,True,8,2024-11
CUST-01489,2025-02-18,Quarterly,Consumer,Organic,False,11,2025-02
CUST-01490,2024-02-05,Quarterly,Consumer,Email,False,22,2024-02
CUST-01491,2024-08-07,Monthly,Small Business,Referral,False,10,2024-08
CUST-01492,2025-03-03,Quarterly,Enterprise,Paid Search,True,7,2025-03
CUST-01493,2025-06-08,Monthly,Enterprise,Organic,False,6,2025-06
CUST-01494,2024-04-17,Monthly,Small Business,Paid Search,True,4,2024-04
CUST-01495,2024-02-02,Annual,Consumer,Referral,False,21,2024-02
CUST-01496,2024-12-01,Quarterly,Enterprise,Email,True,5,2024-12
CUST-01497,2024-05-01,Monthly,Small Business,Email,False,3,2024-05
CUST-01498,2024-05-25,Monthly,Small Business,Paid Search,False,10,2024-05
CUST-01499,2025-02-11,Quarterly,Consumer,Social,True,10,2025-02
CUST-01500,2024-02-19,Monthly,Small Business,Email,False,5,2024-02
CUST-01501,2024-12-08,Annual,Consumer,Email,False,14,2024-12
CUST-01502,2025-05-11,Monthly,Consumer,Email,False,7,2025-05
CUST-01503,2024-12-09,Monthly,Consumer,Paid Search,True,22,2024-12
CUST-01504,2025-01-13,Quarterly,Small Business,Paid Search,False,7,2025-01
CUST-01505,2025-02-12,Annual,Small Business,Paid Search,False,16,2025-02
CUST-01506,2025-02-25,Monthly,Enterprise,Referral,False,5,2025-02
CUST-01507,2025-04-22,Annual,Consumer,Referral,False,16,2025-04
CUST-01508,2024-06-09,Monthly,Enterprise,Referral,True,6,2024-06
CUST-01509,2024-02-07,Annual,Consumer,Paid Search,False,9,2024-02
CUST-01510,2025-02-03,Quarterly,Consumer,Organic,False,8,2025-02
CUST-01511,2024-04-01,Monthly,Consumer,Social,True,6,2024-04
CUST-01512,2024-04-08,Monthly,Small Business,Email,True,8,2024-04
CUST-01513,2024-06-05,Annual,Consumer,Referral,True,23,2024-06
CUST-01514,2025-06-05,Monthly,Consumer,Paid Search,True,2,2025-06
CUST-01515,2025-06-16,Quarterly,Small Business,Paid Search,False,9,2025-06
CUST-01516,2024-01-05,Monthly,Consumer,Referral,False,1,2024-01
CUST-01517,2025-02-05,Monthly,Consumer,Social,False,9,2025-02
CUST-01518,2024-06-17,Monthly,Enterprise,Social,False,5,2024-06
CUST-01519,2024-05-31,Monthly,Consumer,Email,False,1,2024-05
CUST-01520,2025-05-18,Annual,Consumer,Referral,False,24,2025-05
CUST-01521,2024-08-28,Monthly,Consumer,Social,False,9,2024-08
CUST-01522,2024-10-29,Monthly,Consumer,Social,False,1,2024-10
CUST-01523,2025-06-15,Monthly,Small Business,Email,False,1,2025-06
CUST-01524,2025-06-23,Monthly,Small Business,Social,True,2,2025-06
CUST-01525,2024-03-31,Annual,Consumer,Email,False,11,2024-03
CUST-01526,2024-07-20,Monthly,Consumer,Social,True,7,2024-07
CUST-01527,2024-02-07,Annual,Enterprise,Organic,False,26,2024-02
CUST-01528,2025-05-31,Monthly,Small Business,Organic,True,2,2025-05
CUST-01529,2024-05-02,Quarterly,Consumer,Paid Search,False,13,2024-05
CUST-01530,2024-06-10,Annual,Small Business,Referral,False,16,2024-06
CUST-01531,2025-01-10,Quarterly,Consumer,Organic,False,12,2025-01
CUST-01532,2024-08-17,Monthly,Small Business,Email,False,1,2024-08
CUST-01533,2024-09-18,Annual,Consumer,Referral,False,16,2024-09
CUST-01534,2025-06-20,Annual,Enterprise,Referral,True,27,2025-06
CUST-01535,2025-06-07,Monthly,Consumer,Social,False,1,2025-06
CUST-01536,2024-07-09,Annual,Small Business,Social,False,18,2024-07
CUST-01537,2024-05-21,Quarterly,Consumer,Social,False,21,2024-05
CUST-01538,2025-06-14,Annual,Consumer,Organic,False,20,2025-06
CUST-01539,2025-05-24,Quarterly,Consumer,Email,True,13,2025-05
CUST-01540,2024-11-05,Monthly,Consumer,Social,False,7,2024-11
CUST-01541,2024-03-21,Monthly,Small Business,Referral,False,5,2024-03
CUST-01542,2024-05-26,Quarterly,Small Business,Referral,False,1,2024-05
CUST-01543,2025-06-02,Quarterly,Small Business,Referral,True,8,2025-06
CUST-01544,2024-07-04,Monthly,Consumer,Organic,False,9,2024-07
CUST-01545,2024-07-22,Quarterly,Consumer,Paid Search,False,4,2024-07
CUST-01546,2025-05-14,Monthly,Small Business,Email,False,11,2025-05
CUST-01547,2024-12-22,Monthly,Consumer,Organic,False,1,2024-12
CUST-01548,2024-05-29,Monthly,Small Business,Referral,True,11,2024-05
CUST-01549,2024-02-28,Quarterly,Consumer,Referral,True,8,2024-02
CUST-01550,2025-05-03,Annual,Small Business,Referral,False,23,2025-05
CUST-01551,2024-02-29,Quarterly,Consumer,Email,False,15,2024-02
CUST-01552,2024-03-03,Monthly,Small Business,Social,True,10,2024-03
CUST-01553,2024-11-06,Monthly,Enterprise,Organic,False,3,2024-11
CUST-01554,2024-06-15,Quarterly,Small Business,Social,False,14,2024-06
CUST-01555,2024-01-09,Monthly,Small Business,Social,False,14,2024-01
CUST-01556,2024-01-27,Annual,Consumer,Referral,False,21,2024-01
CUST-01557,2024-07-21,Quarterly,Consumer,Social,False,12,2024-07
CUST-01558,2024-07-08,Quarterly,Consumer,Email,True,11,2024-07
CUST-01559,2024-01-30,Quarterly,Consumer,Social,False,12,2024-01
CUST-01560,2024-05-24,Quarterly,Small Business,Paid Search,True,9,2024-05
CUST-01561,2024-05-25,Annual,Small Business,Social,False,15,2024-05
CUST-01562,2024-07-21,Monthly,Consumer,Paid Search,True,19,2024-07
CUST-01563,2025-04-12,Monthly,Consumer,Organic,False,1,2025-04
CUST-01564,2024-01-23,Quarterly,Consumer,Referral,False,6,2024-01
CUST-01565,2024-12-04,Quarterly,Small Business,Paid Search,False,10,2024-12
CUST-01566,2024-08-06,Monthly,Small Business,Social,False,1,2024-08
CUST-01567,2024-12-21,Monthly,Consumer,Social,False,1,2024-12
CUST-01568,2024-08-10,Quarterly,Enterprise,Social,False,12,2024-08
CUST-01569,2024-05-27,Monthly,Consumer,Social,False,6,2024-05
CUST-01570,2025-01-27,Annual,Small Business,Email,False,23,2025-01
CUST-01571,2025-06-27,Monthly,Consumer,Paid Search,True,11,2025-06
CUST-01572,2024-05-15,Monthly,Small Business,Paid Search,True,7,2024-05
CUST-01573,2024-11-07,Monthly,Small Business,Referral,False,4,2024-11
CUST-01574,2024-02-21,Annual,Consumer,Social,False,26,2024-02
CUST-01575,2025-04-09,Monthly,Consumer,Referral,False,1,2025-04
CUST-01576,2025-04-22,Monthly,Enterprise,Social,False,2,2025-04
CUST-01577,2024-06-27,Quarterly,Enterprise,Social,False,20,2024-06
CUST-01578,2024-01-13,Annual,Consumer,Organic,False,25,2024-01
CUST-01579,2024-10-12,Monthly,Consumer,Social,False,2,2024-10
CUST-01580,2025-05-04,Monthly,Consumer,Paid Search,True,7,2025-05
CUST-01581,2024-11-28,Monthly,Consumer,Paid Search,False,8,2024-11
CUST-01582,2024-12-16,Monthly,Consumer,Organic,False,4,2024-12
CUST-01583,2024-09-26,Annual,Consumer,Referral,False,20,2024-09
CUST-01584,2024-12-12,Monthly,Consumer,Email,False,11,2024-12
CUST-01585,2024-02-06,Monthly,Consumer,Email,False,7,2024-02
CUST-01586,2025-01-06,Quarterly,Small Business,Referral,True,1,2025-01
CUST-01587,2024-12-10,Quarterly,Small Business,Social,True,10,2024-12
CUST-01588,2025-04-16,Annual,Consumer,Social,False,19,2025-04
CUST-01589,2024-09-27,Monthly,Enterprise,Paid Search,False,1,2024-09
CUST-01590,2025-06-07,Monthly,Consumer,Paid Search,False,1,2025-06
CUST-01591,2024-06-22,Monthly,Small Business,Paid Search,True,1,2024-06
CUST-01592,2024-09-14,Quarterly,Consumer,Organic,False,20,2024-09
CUST-01593,2024-12-13,Annual,Small Business,Email,False,22,2024-12
CUST-01594,2025-02-23,Quarterly,Consumer,Organic,False,12,2025-02
CUST-01595,2024-11-16,Annual,Small Business,Social,False,17,2024-11
CUST-01596,2024-01-28,Quarterly,Small Business,Email,False,1,2024-01
CUST-01597,2024-06-15,Annual,Consumer,Social,False,21,2024-06
CUST-01598,2024-12-22,Quarterly,Consumer,Email,False,13,2024-12
CUST-01599,2024-08-21,Monthly,Consumer,Organic,False,10,2024-08
CUST-01600,2025-01-12,Annual,Consumer,Email,True,15,2025-01
CUST-01601,2024-09-01,Monthly,Small Business,Social,False,15,2024-09
CUST-01602,2024-07-20,Monthly,Small Business,Organic,True,6,2024-07
CUST-01603,2024-01-09,Quarterly,Consumer,Social,False,6,2024-01
CUST-01604,2024-03-21,Quarterly,Enterprise,Organic,False,1,2024-03
CUST-01605,2024-04-01,Quarterly,Consumer,Paid Search,True,13,2024-04
CUST-01606,2025-03-29,Annual,Consumer,Referral,False,24,2025-03
CUST-01607,2024-02-28,Monthly,Small Business,Social,False,1,2024-02
CUST-01608,2024-12-07,Monthly,Consumer,Email,False,4,2024-12
CUST-01609,2025-03-04,Annual,Consumer,Email,False,16,2025-03
CUST-01610,2024-12-12,Annual,Consumer,Organic,False,23,2024-12
CUST-01611,2024-09-01,Annual,Consumer,Social,False,28,2024-09
CUST-01612,2025-04-18,Quarterly,Small Business,Organic,True,11,2025-04
CUST-01613,2025-01-21,Quarterly,Consumer,Paid Search,False,12,2025-01
CUST-01614,2024-06-10,Quarterly,Consumer,Email,False,7,2024-06
CUST-01615,2025-05-02,Quarterly,Enterprise,Paid Search,False,5,2025-05
CUST-01616,2025-01-04,Monthly,Enterprise,Organic,False,11,2025-01
CUST-01617,2025-02-13,Monthly,Consumer,Referral,False,2,2025-02
CUST-01618,2024-03-22,Quarterly,Enterprise,Referral,False,5,2024-03
CUST-01619,2024-07-11,Annual,Consumer,Referral,False,23,2024-07
CUST-01620,2024-07-11,Monthly,Consumer,Organic,True,3,2024-07
CUST-01621,2024-05-23,Monthly,Consumer,Referral,False,8,2024-05
CUST-01622,2025-03-16,Annual,Consumer,Paid Search,False,22,2025-03
CUST-01623,2025-06-12,Monthly,Consumer,Social,False,3,2025-06
CUST-01624,2024-11-07,Annual,Small Business,Social,False,17,2024-11
CUST-01625,2024-12-04,Monthly,Consumer,Social,True,6,2024-12
CUST-01626,2024-02-11,Monthly,Small Business,Email,False,1,2024-02
CUST-01627,2024-08-31,Monthly,Consumer,Paid Search,False,1,2024-08
CUST-01628,2025-03-12,Monthly,Enterprise,Organic,True,8,2025-03
CUST-01629,2025-06-14,Monthly,Consumer,Organic,True,12,2025-06
CUST-01630,2024-04-13,Annual,Consumer,Social,False,15,2024-04
CUST-01631,2025-01-14,Annual,Enterprise,Paid Search,False,25,2025-01
CUST-01632,2024-06-02,Quarterly,Consumer,Email,False,20,2024-06
CUST-01633,2024-08-27,Monthly,Consumer,Paid Search,True,3,2024-08
CUST-01634,2024-12-15,Quarterly,Consumer,Referral,False,20,2024-12
CUST-01635,2024-05-22,Quarterly,Small Business,Paid Search,False,9,2024-05
CUST-01636,2024-02-15,Monthly,Small Business,Referral,False,8,2024-02
CUST-01637,2024-03-04,Monthly,Consumer,Email,False,1,2024-03
CUST-01638,2025-04-14,Annual,Small Business,Organic,True,19,2025-04
CUST-01639,2024-03-13,Annual,Consumer,Social,False,25,2024-03
CUST-01640,2024-07-21,Monthly,Small Business,Email,False,2,2024-07
CUST-01641,2024-04-15,Monthly,Enterprise,Referral,False,1,2024-04
CUST-01642,2025-02-09,Monthly,Consumer,Email,False,1,2025-02
CUST-01643,2024-03-10,Annual,Enterprise,Email,False,23,2024-03
CUST-01644,2024-09-03,Annual,Small Business,Organic,True,20,2024-09
CUST-01645,2025-06-07,Quarterly,Consumer,Paid Search,False,9,2025-06
CUST-01646,2024-11-03,Monthly,Consumer,Referral,False,1,2024-11
CUST-01647,2025-05-20,Monthly,Consumer,Social,True,1,2025-05
CUST-01648,2025-03-14,Monthly,Enterprise,Referral,False,2,2025-03
CUST-01649,2025-04-27,Annual,Enterprise,Email,False,22,2025-04
CUST-01650,2025-05-30,Monthly,Consumer,Social,True,2,2025-05
CUST-01651,2025-06-15,Annual,Consumer,Email,False,21,2025-06
CUST-01652,2025-03-27,Monthly,Small Business,Paid Search,False,2,2025-03
CUST-01653,2024-10-27,Monthly,Consumer,Paid Search,True,6,2024-10
CUST-01654,2025-02-08,Monthly,Small Business,Referral,True,11,2025-02
CUST-01655,2025-05-12,Monthly,Consumer,Organic,False,8,2025-05
CUST-01656,2025-02-01,Monthly,Consumer,Referral,False,6,2025-02
CUST-01657,2025-06-10,Quarterly,Consumer,Social,False,17,2025-06
CUST-01658,2024-08-28,Quarterly,Small Business,Email,False,11,2024-08
CUST-01659,2024-08-09,Annual,Consumer,Organic,False,25,2024-08
CUST-01660,2024-10-13,Monthly,Consumer,Email,False,11,2024-10
CUST-01661,2024-10-23,Monthly,Small Business,Organic,True,1,2024-10
CUST-01662,2024-02-05,Monthly,Consumer,Social,False,3,2024-02
CUST-01663,2024-10-04,Monthly,Consumer,Email,True,5,2024-10
CUST-01664,2024-01-17,Monthly,Small Business,Referral,False,8,2024-01
CUST-01665,2025-05-25,Quarterly,Consumer,Paid Search,False,12,2025-05
CUST-01666,2024-02-27,Monthly,Small Business,Organic,False,14,2024-02
CUST-01667,2025-05-25,Annual,Consumer,Paid Search,False,11,2025-05
CUST-01668,2024-03-23,Annual,Small Business,Organic,False,23,2024-03
CUST-01669,2025-04-27,Quarterly,Consumer,Email,False,8,2025-04
CUST-01670,2024-05-27,Quarterly,Consumer,Referral,False,10,2024-05
CUST-01671,2024-06-20,Monthly,Small Business,Social,True,9,2024-06
CUST-01672,2024-05-20,Monthly,Consumer,Social,True,12,2024-05
CUST-01673,2024-07-07,Annual,Enterprise,Paid Search,False,22,2024-07
CUST-01674,2024-02-02,Monthly,Small Business,Organic,True,1,2024-02
CUST-01675,2024-11-25,Monthly,Consumer,Email,True,3,2024-11
CUST-01676,2024-03-19,Quarterly,Small Business,Referral,False,10,2024-03
CUST-01677,2024-06-28,Quarterly,Small Business,Social,False,17,2024-06
CUST-01678,2024-12-25,Monthly,Small Business,Social,False,14,2024-12
CUST-01679,2025-03-14,Monthly,Consumer,Referral,False,7,2025-03
CUST-01680,2024-08-23,Monthly,Small Business,Paid Search,True,5,2024-08
CUST-01681,2024-07-17,Annual,Consumer,Email,False,21,2024-07
CUST-01682,2025-05-28,Monthly,Small Business,Organic,False,2,2025-05
CUST-01683,2024-03-22,Quarterly,Consumer,Paid Search,False,11,2024-03
CUST-01684,2025-01-04,Monthly,Consumer,Paid Search,False,4,2025-01
CUST-01685,2024-04-15,Annual,Consumer,Paid Search,False,16,2024-04
CUST-01686,2025-04-12,Monthly,Consumer,Social,False,9,2025-04
CUST-01687,2025-06-03,Annual,Small Business,Referral,False,11,2025-06
CUST-01688,2024-09-14,Monthly,Consumer,Email,False,14,2024-09
CUST-01689,2024-08-07,Monthly,Small Business,Referral,True,5,2024-08
CUST-01690,2024-11-04,Annual,Small Business,Organic,False,25,2024-11
CUST-01691,2025-04-03,Quarterly,Consumer,Paid Search,False,15,2025-04
CUST-01692,2025-06-26,Monthly,Consumer,Referral,True,4,2025-06
CUST-01693,2025-02-15,Monthly,Consumer,Referral,True,1,2025-02
CUST-01694,2025-04-11,Monthly,Small Business,Organic,False,7,2025-04
CUST-01695,2024-08-15,Monthly,Small Business,Referral,False,1,2024-08
CUST-01696,2025-03-25,Quarterly,Consumer,Organic,False,20,2025-03
CUST-01697,2025-04-22,Quarterly,Consumer,Paid Search,False,10,2025-04
CUST-01698,2025-06-23,Quarterly,Small Business,Organic,True,10,2025-06
CUST-01699,2025-06-17,Quarterly,Enterprise,Social,False,6,2025-06
CUST-01700,2024-05-01,Annual,Consumer,Paid Search,False,18,2024-05
CUST-01701,2024-11-03,Monthly,Consumer,Organic,True,11,2024-11
CUST-01702,2024-09-06,Monthly,Consumer,Social,True,1,2024-09
CUST-01703,2024-10-22,Monthly,Consumer,Paid Search,False,1,2024-10
CUST-01704,2024-01-08,Monthly,Small Business,Organic,False,8,2024-01
CUST-01705,2025-04-28,Annual,Consumer,Paid Search,False,25,2025-04
CUST-01706,2025-01-05,Quarterly,Consumer,Paid Search,False,13,2025-01
CUST-01707,2024-03-23,Monthly,Enterprise,Organic,False,7,2024-03
CUST-01708,2024-12-02,Monthly,Consumer,Email,False,10,2024-12
CUST-01709,2024-07-09,Monthly,Small Business,Paid Search,False,10,2024-07
CUST-01710,2024-06-01,Quarterly,Consumer,Organic,True,13,2024-06
CUST-01711,2024-12-14,Monthly,Consumer,Paid Search,False,4,2024-12
CUST-01712,2024-09-03,Monthly,Consumer,Organic,False,10,2024-09
CUST-01713,2025-06-24,Annual,Small Business,Organic,False,19,2025-06
CUST-01714,2024-02-19,Annual,Small Business,Organic,True,23,2024-02
CUST-01715,2025-01-06,Quarterly,Consumer,Referral,True,12,2025-01
CUST-01716,2024-07-11,Annual,Small Business,Social,False,17,2024-07
CUST-01717,2024-04-06,Quarterly,Consumer,Paid Search,False,19,2024-04
CUST-01718,2024-08-07,Quarterly,Small Business,Social,False,9,2024-08
CUST-01719,2025-05-26,Annual,Small Business,Referral,False,16,2025-05
CUST-01720,2024-06-18,Annual,Consumer,Email,False,20,2024-06
CUST-01721,2024-07-07,Annual,Consumer,Social,False,15,2024-07
CUST-01722,2024-11-16,Quarterly,Consumer,Referral,False,19,2024-11
CUST-01723,2024-06-08,Annual,Small Business,Social,False,21,2024-06
CUST-01724,2025-01-16,Quarterly,Consumer,Social,False,7,2025-01
CUST-01725,2024-01-05,Monthly,Consumer,Email,True,1,2024-01
CUST-01726,2024-12-13,Annual,Enterprise,Paid Search,False,18,2024-12
CUST-01727,2024-09-27,Annual,Consumer,Referral,False,19,2024-09
CUST-01728,2024-08-06,Monthly,Consumer,Referral,False,4,2024-08
CUST-01729,2024-10-03,Monthly,Consumer,Social,True,4,2024-10
CUST-01730,2025-06-10,Monthly,Small Business,Paid Search,False,9,2025-06
CUST-01731,2025-02-23,Quarterly,Consumer,Paid Search,False,20,2025-02
CUST-01732,2025-02-22,Quarterly,Consumer,Email,False,13,2025-02
CUST-01733,2024-09-21,Monthly,Consumer,Referral,False,1,2024-09
CUST-01734,2024-09-15,Monthly,Consumer,Referral,False,1,2024-09
CUST-01735,2024-01-23,Monthly,Consumer,Referral,False,8,2024-01
CUST-01736,2024-09-09,Monthly,Small Business,Email,False,6,2024-09
CUST-01737,2025-03-26,Monthly,Consumer,Social,False,8,2025-03
CUST-01738,2024-03-09,Quarterly,Consumer,Referral,False,12,2024-03
CUST-01739,2024-03-08,Annual,Consumer,Referral,False,23,2024-03
CUST-01740,2024-01-31,Monthly,Consumer,Email,False,4,2024-01
CUST-01741,2024-07-25,Quarterly,Consumer,Email,True,20,2024-07
CUST-01742,2025-01-04,Quarterly,Small Business,Email,False,6,2025-01
CUST-01743,2024-12-01,Quarterly,Consumer,Referral,False,17,2024-12
CUST-01744,2024-05-19,Monthly,Consumer,Paid Search,False,5,2024-05
CUST-01745,2024-01-13,Quarterly,Consumer,Email,False,10,2024-01
CUST-01746,2024-04-18,Annual,Small Business,Organic,False,26,2024-04
CUST-01747,2024-12-21,Quarterly,Small Business,Organic,False,11,2024-12
CUST-01748,2025-03-10,Monthly,Enterprise,Organic,True,8,2025-03
CUST-01749,2025-01-16,Monthly,Consumer,Social,False,12,2025-01
CUST-01750,2025-01-24,Monthly,Consumer,Paid Search,False,12,2025-01
CUST-01751,2024-10-16,Monthly,Consumer,Email,False,1,2024-10
CUST-01752,2024-01-06,Annual,Consumer,Referral,False,14,2024-01
CUST-01753,2025-02-08,Monthly,Small Business,Social,False,9,2025-02
CUST-01754,2024-01-10,Monthly,Small Business,Paid Search,False,4,2024-01
CUST-01755,2024-05-30,Annual,Consumer,Referral,False,18,2024-05
CUST-01756,2024-02-24,Monthly,Enterprise,Referral,False,4,2024-02
CUST-01757,2025-06-29,Monthly,Consumer,Referral,True,9,2025-06
CUST-01758,2024-10-25,Quarterly,Consumer,Paid Search,False,14,2024-10
CUST-01759,2024-07-25,Annual,Small Business,Paid Search,True,22,2024-07
CUST-01760,2024-06-24,Annual,Consumer,Organic,False,16,2024-06
CUST-01761,2024-04-19,Monthly,Consumer,Referral,False,8,2024-04
CUST-01762,2024-03-26,Monthly,Small Business,Email,False,9,2024-03
CUST-01763,2024-02-20,Quarterly,Small Business,Referral,False,7,2024-02
CUST-01764,2024-12-09,Quarterly,Consumer,Organic,False,11,2024-12
CUST-01765,2024-01-10,Annual,Enterprise,Email,False,30,2024-01
CUST-01766,2024-09-23,Monthly,Consumer,Organic,False,12,2024-09
CUST-01767,2024-07-19,Annual,Consumer,Paid Search,False,28,2024-07
CUST-01768,2025-01-01,Quarterly,Small Business,Paid Search,False,16,2025-01
CUST-01769,2024-03-26,Monthly,Enterprise,Paid Search,False,11,2024-03
CUST-01770,2024-10-30,Annual,Consumer,Organic,True,24,2024-10
CUST-01771,2025-01-19,Monthly,Enterprise,Referral,False,7,2025-01
CUST-01772,2024-09-17,Monthly,Small Business,Referral,False,1,2024-09
CUST-01773,2024-12-05,Annual,Consumer,Social,False,25,2024-12
CUST-01774,2025-03-05,Monthly,Consumer,Email,True,8,2025-03
CUST-01775,2025-03-15,Annual,Consumer,Social,False,14,2025-03
CUST-01776,2025-03-12,Annual,Consumer,Paid Search,False,18,2025-03
CUST-01777,2024-12-30,Quarterly,Consumer,Referral,False,9,2024-12
CUST-01778,2025-01-16,Monthly,Consumer,Referral,False,1,2025-01
CUST-01779,2024-07-07,Quarterly,Consumer,Organic,False,19,2024-07
CUST-01780,2024-02-24,Monthly,Enterprise,Email,False,3,2024-02
CUST-01781,2024-07-18,Monthly,Consumer,Social,False,12,2024-07
CUST-01782,2025-06-24,Monthly,Enterprise,Referral,False,4,2025-06
CUST-01783,2024-11-02,Monthly,Small Business,Social,False,21,2024-11
CUST-01784,2025-04-27,Quarterly,Consumer,Email,True,17,2025-04
CUST-01785,2024-05-12,Annual,Small Business,Referral,False,11,2024-05
CUST-01786,2024-09-09,Quarterly,Consumer,Social,False,16,2024-09
CUST-01787,2025-02-08,Quarterly,Consumer,Referral,False,5,2025-02
CUST-01788,2024-08-20,Monthly,Consumer,Referral,False,1,2024-08
CUST-01789,2024-10-21,Annual,Consumer,Social,True,21,2024-10
CUST-01790,2025-05-21,Annual,Small Business,Organic,False,19,2025-05
CUST-01791,2024-01-30,Annual,Small Business,Organic,False,15,2024-01
CUST-01792,2024-02-05,Monthly,Consumer,Organic,False,1,2024-02
CUST-01793,2024-06-03,Monthly,Small Business,Organic,False,11,2024-06
CUST-01794,2024-02-08,Annual,Consumer,Organic,False,12,2024-02
CUST-01795,2024-05-01,Quarterly,Consumer,Email,False,15,2024-05
CUST-01796,2024-02-14,Monthly,Consumer,Referral,False,11,2024-02
CUST-01797,2024-10-17,Quarterly,Consumer,Organic,False,18,2024-10
CUST-01798,2024-04-23,Quarterly,Consumer,Paid Search,False,13,2024-04
CUST-01799,2024-10-02,Monthly,Small Business,Organic,True,7,2024-10
CUST-01800,2025-02-26,Monthly,Small Business,Organic,False,10,2025-02
CUST-01801,2024-02-19,Monthly,Small Business,Paid Search,False,14,2024-02
CUST-01802,2024-07-31,Monthly,Small Business,Referral,False,3,2024-07
CUST-01803,2024-11-15,Monthly,Consumer,Referral,True,10,2024-11
CUST-01804,2024-03-05,Annual,Small Business,Referral,False,17,2024-03
CUST-01805,2024-11-29,Quarterly,Consumer,Social,True,13,2024-11
CUST-01806,2024-07-10,Quarterly,Consumer,Organic,False,5,2024-07
CUST-01807,2024-07-09,Monthly,Consumer,Organic,False,13,2024-07
CUST-01808,2024-01-16,Monthly,Consumer,Paid Search,True,5,2024-01
CUST-01809,2024-10-09,Annual,Consumer,Paid Search,False,15,2024-10
CUST-01810,2024-03-21,Quarterly,Small Business,Organic,False,23,2024-03
CUST-01811,2025-01-03,Monthly,Small Business,Paid Search,True,1,2025-01
CUST-01812,2024-08-20,Monthly,Small Business,Email,False,8,2024-08
CUST-01813,2024-08-30,Monthly,Consumer,Social,False,1,2024-08
CUST-01814,2024-10-28,Monthly,Consumer,Social,False,5,2024-10
CUST-01815,2024-04-21,Quarterly,Consumer,Social,True,13,2024-04
CUST-01816,2024-01-18,Monthly,Consumer,Organic,False,8,2024-01
CUST-01817,2024-06-03,Monthly,Consumer,Organic,False,15,2024-06
CUST-01818,2024-10-09,Quarterly,Small Business,Organic,False,12,2024-10
CUST-01819,2024-01-30,Quarterly,Small Business,Referral,False,13,2024-01
CUST-01820,2025-03-01,Monthly,Small Business,Organic,True,11,2025-03
CUST-01821,2024-03-31,Monthly,Small Business,Social,True,4,2024-03
CUST-01822,2024-04-12,Quarterly,Small Business,Organic,False,13,2024-04
CUST-01823,2024-11-09,Quarterly,Small Business,Social,False,10,2024-11
CUST-01824,2025-01-21,Monthly,Small Business,Referral,True,13,2025-01
CUST-01825,2024-02-07,Monthly,Consumer,Referral,False,7,2024-02
CUST-01826,2024-01-26,Monthly,Enterprise,Paid Search,True,5,2024-01
CUST-01827,2024-10-24,Monthly,Consumer,Social,True,1,2024-10
CUST-01828,2024-02-15,Monthly,Small Business,Social,False,5,2024-02
CUST-01829,2024-03-22,Annual,Small Business,Referral,False,18,2024-03
CUST-01830,2024-02-27,Monthly,Small Business,Referral,True,1,2024-02
CUST-01831,2024-08-03,Monthly,Small Business,Referral,False,10,2024-08
CUST-01832,2024-10-13,Monthly,Consumer,Paid Search,False,1,2024-10
CUST-01833,2025-04-02,Quarterly,Consumer,Paid Search,False,17,2025-04
CUST-01834,2024-08-02,Monthly,Consumer,Paid Search,False,13,2024-08
CUST-01835,2024-05-10,Monthly,Enterprise,Paid Search,False,4,2024-05
CUST-01836,2024-10-21,Monthly,Consumer,Paid Search,False,1,2024-10
CUST-01837,2025-06-13,Monthly,Consumer,Referral,False,7,2025-06
CUST-01838,2024-11-24,Monthly,Consumer,Email,False,11,2024-11
CUST-01839,2024-01-10,Monthly,Consumer,Email,True,4,2024-01
CUST-01840,2025-02-28,Quarterly,Consumer,Paid Search,False,7,2025-02
CUST-01841,2024-04-18,Monthly,Small Business,Social,False,8,2024-04
CUST-01842,2025-01-12,Annual,Consumer,Social,False,18,2025-01
CUST-01843,2024-09-15,Quarterly,Small Business,Paid Search,False,6,2024-09
CUST-01844,2024-11-03,Monthly,Enterprise,Paid Search,False,10,2024-11
CUST-01845,2025-03-27,Monthly,Consumer,Social,False,1,2025-03
CUST-01846,2024-10-23,Quarterly,Consumer,Social,False,19,2024-10
CUST-01847,2024-08-04,Quarterly,Consumer,Organic,False,16,2024-08
CUST-01848,2025-03-07,Quarterly,Consumer,Social,False,13,2025-03
CUST-01849,2024-02-06,Quarterly,Small Business,Paid Search,False,16,2024-02
CUST-01850,2024-07-17,Monthly,Enterprise,Organic,False,16,2024-07
CUST-01851,2024-03-19,Monthly,Consumer,Paid Search,False,4,2024-03
CUST-01852,2025-01-27,Monthly,Consumer,Paid Search,False,7,2025-01
CUST-01853,2024-08-19,Annual,Enterprise,Referral,False,13,2024-08
CUST-01854,2024-03-17,Quarterly,Consumer,Email,False,19,2024-03
CUST-01855,2024-06-15,Quarterly,Small Business,Paid Search,False,13,2024-06
CUST-01856,2024-09-06,Annual,Small Business,Email,False,16,2024-09
CUST-01857,2024-04-26,Annual,Consumer,Email,False,22,2024-04
CUST-01858,2025-03-07,Quarterly,Small Business,Paid Search,False,8,2025-03
CUST-01859,2024-04-25,Monthly,Consumer,Organic,True,14,2024-04
CUST-01860,2024-06-04,Monthly,Small Business,Referral,False,3,2024-06
CUST-01861,2025-05-22,Quarterly,Small Business,Organic,False,10,2025-05
CUST-01862,2024-04-26,Monthly,Consumer,Social,False,1,2024-04
CUST-01863,2024-12-16,Monthly,Consumer,Paid Search,True,7,2024-12
CUST-01864,2024-08-09,Quarterly,Consumer,Paid Search,False,15,2024-08
CUST-01865,2025-05-20,Monthly,Small Business,Referral,False,5,2025-05
CUST-01866,2024-04-21,Monthly,Small Business,Social,True,7,2024-04
CUST-01867,2024-08-20,Monthly,Small Business,Email,False,2,2024-08
CUST-01868,2024-10-04,Monthly,Consumer,Social,False,6,2024-10
CUST-01869,2025-05-11,Monthly,Consumer,Email,False,7,2025-05
CUST-01870,2025-03-13,Monthly,Small Business,Paid Search,False,9,2025-03
CUST-01871,2024-07-04,Annual,Consumer,Organic,True,13,2024-07
CUST-01872,2024-01-02,Monthly,Consumer,Paid Search,False,1,2024-01
CUST-01873,2024-04-19,Monthly,Consumer,Paid Search,True,1,2024-04
CUST-01874,2025-02-24,Quarterly,Consumer,Organic,False,19,2025-02
CUST-01875,2024-08-15,Monthly,Consumer,Social,False,6,2024-08
CUST-01876,2025-01-12,Monthly,Small Business,Referral,False,15,2025-01
CUST-01877,2025-03-02,Monthly,Consumer,Paid Search,False,6,2025-03
CUST-01878,2025-06-15,Monthly,Consumer,Paid Search,True,12,2025-06
CUST-01879,2024-02-03,Quarterly,Small Business,Organic,False,6,2024-02
CUST-01880,2025-02-26,Annual,Consumer,Paid Search,False,16,2025-02
CUST-01881,2024-08-03,Quarterly,Consumer,Paid Search,True,9,2024-08
CUST-01882,2024-07-04,Quarterly,Consumer,Organic,False,1,2024-07
CUST-01883,2025-03-09,Monthly,Small Business,Email,True,3,2025-03
CUST-01884,2024-10-08,Monthly,Consumer,Referral,False,6,2024-10
CUST-01885,2024-07-01,Quarterly,Small Business,Social,False,16,2024-07
CUST-01886,2025-01-27,Monthly,Consumer,Organic,False,8,2025-01
CUST-01887,2024-06-26,Quarterly,Consumer,Email,False,11,2024-06
CUST-01888,2024-05-28,Monthly,Consumer,Paid Search,False,1,2024-05
CUST-01889,2024-08-08,Monthly,Enterprise,Paid Search,False,5,2024-08
CUST-01890,2024-02-11,Monthly,Consumer,Paid Search,True,11,2024-02
CUST-01891,2025-05-06,Monthly,Consumer,Social,False,6,2025-05
CUST-01892,2024-07-27,Monthly,Consumer,Organic,True,5,2024-07
CUST-01893,2024-02-08,Monthly,Consumer,Email,False,1,2024-02
CUST-01894,2025-06-25,Monthly,Small Business,Paid Search,True,9,2025-06
CUST-01895,2024-12-16,Monthly,Consumer,Paid Search,True,6,2024-12
CUST-01896,2024-03-03,Monthly,Consumer,Social,False,14,2024-03
CUST-01897,2024-03-31,Monthly,Consumer,Email,False,4,2024-03
CUST-01898,2024-09-27,Monthly,Small Business,Paid Search,True,15,2024-09
CUST-01899,2024-04-25,Monthly,Consumer,Paid Search,True,1,2024-04
CUST-01900,2024-01-30,Annual,Enterprise,Paid Search,False,24,2024-01
CUST-01901,2024-01-16,Monthly,Consumer,Referral,True,4,2024-01
CUST-01902,2024-10-09,Monthly,Small Business,Referral,False,2,2024-10
CUST-01903,2024-03-13,Monthly,Small Business,Referral,True,1,2024-03
CUST-01904,2024-05-28,Quarterly,Consumer,Email,False,9,2024-05
CUST-01905,2025-02-19,Monthly,Consumer,Referral,False,8,2025-02
CUST-01906,2024-03-26,Monthly,Small Business,Email,False,8,2024-03
CUST-01907,2024-11-15,Annual,Consumer,Paid Search,False,15,2024-11
CUST-01908,2024-02-09,Monthly,Consumer,Organic,False,1,2024-02
CUST-01909,2025-06-20,Annual,Small Business,Social,False,19,2025-06
CUST-01910,2025-02-03,Monthly,Consumer,Referral,False,14,2025-02
CUST-01911,2024-05-15,Monthly,Consumer,Email,False,7,2024-05
CUST-01912,2024-01-01,Monthly,Consumer,Social,True,8,2024-01
CUST-01913,2025-05-23,Monthly,Small Business,Referral,False,13,2025-05
CUST-01914,2024-02-01,Monthly,Small Business,Email,False,13,2024-02
CUST-01915,2024-07-02,Quarterly,Consumer,Organic,False,11,2024-07
CUST-01916,2025-04-17,Monthly,Small Business,Paid Search,True,4,2025-04
CUST-01917,2025-01-13,Monthly,Consumer,Social,False,2,2025-01
CUST-01918,2025-04-08,Annual,Small Business,Email,False,13,2025-04
CUST-01919,2025-05-15,Annual,Consumer,Organic,False,22,2025-05
CUST-01920,2025-01-07,Quarterly,Consumer,Social,False,12,2025-01
CUST-01921,2024-08-23,Monthly,Consumer,Organic,False,10,2024-08
CUST-01922,2025-01-14,Monthly,Consumer,Social,False,6,2025-01
CUST-01923,2025-02-23,Monthly,Enterprise,Referral,True,8,2025-02
CUST-01924,2024-07-23,Quarterly,Consumer,Referral,True,16,2024-07
CUST-01925,2024-09-13,Quarterly,Consumer,Referral,True,5,2024-09
CUST-01926,2024-09-15,Monthly,Consumer,Paid Search,False,4,2024-09
CUST-01927,2025-02-21,Monthly,Consumer,Organic,True,6,2025-02
CUST-01928,2024-12-23,Annual,Small Business,Organic,True,11,2024-12
CUST-01929,2024-01-25,Annual,Enterprise,Social,False,19,2024-01
CUST-01930,2024-11-27,Monthly,Small Business,Paid Search,False,1,2024-11
CUST-01931,2025-06-15,Monthly,Consumer,Paid Search,False,1,2025-06
CUST-01932,2024-05-27,Annual,Small Business,Social,False,13,2024-05
CUST-01933,2024-10-09,Monthly,Consumer,Organic,False,1,2024-10
CUST-01934,2025-02-02,Monthly,Consumer,Organic,True,5,2025-02
CUST-01935,2025-05-22,Monthly,Consumer,Paid Search,True,2,2025-05
CUST-01936,2024-10-16,Monthly,Small Business,Organic,False,6,2024-10
CUST-01937,2024-06-04,Annual,Enterprise,Paid Search,False,15,2024-06
CUST-01938,2024-04-06,Monthly,Consumer,Paid Search,False,14,2024-04
CUST-01939,2025-03-25,Monthly,Small Business,Email,True,1,2025-03
CUST-01940,2025-05-20,Monthly,Consumer,Email,False,10,2025-05
CUST-01941,2024-11-18,Monthly,Small Business,Paid Search,True,7,2024-11
CUST-01942,2025-06-06,Monthly,Consumer,Referral,False,12,2025-06
CUST-01943,2024-06-29,Monthly,Consumer,Referral,False,8,2024-06
CUST-01944,2024-11-28,Monthly,Enterprise,Email,False,7,2024-11
CUST-01945,2025-02-16,Annual,Small Business,Social,False,27,2025-02
CUST-01946,2024-09-13,Quarterly,Small Business,Paid Search,True,10,2024-09
CUST-01947,2025-06-16,Annual,Consumer,Social,False,17,2025-06
CUST-01948,2025-01-22,Annual,Consumer,Referral,False,18,2025-01
CUST-01949,2025-03-30,Annual,Enterprise,Organic,False,16,2025-03
CUST-01950,2024-12-30,Annual,Small Business,Referral,False,18,2024-12
CUST-01951,2024-12-28,Quarterly,Small Business,Paid Search,False,4,2024-12
CUST-01952,2024-05-24,Quarterly,Small Business,Social,False,14,2024-05
CUST-01953,2024-06-03,Monthly,Consumer,Referral,False,2,2024-06
CUST-01954,2025-05-31,Annual,Consumer,Social,True,16,2025-05
CUST-01955,2025-02-13,Quarterly,Consumer,Email,False,5,2025-02
CUST-01956,2024-10-02,Monthly,Consumer,Social,False,3,2024-10
CUST-01957,2024-08-16,Monthly,Consumer,Social,False,1,2024-08
CUST-01958,2024-12-21,Monthly,Consumer,Social,False,15,2024-12
CUST-01959,2024-03-11,Monthly,Small Business,Referral,False,1,2024-03
CUST-01960,2025-06-06,Quarterly,Consumer,Referral,False,22,2025-06
CUST-01961,2024-07-14,Monthly,Consumer,Paid Search,True,2,2024-07
CUST-01962,2024-08-03,Monthly,Consumer,Referral,False,10,2024-08
CUST-01963,2025-06-24,Monthly,Consumer,Paid Search,True,3,2025-06
CUST-01964,2025-02-27,Annual,Consumer,Paid Search,False,17,2025-02
CUST-01965,2024-04-09,Quarterly,Consumer,Paid Search,False,11,2024-04
CUST-01966,2024-04-21,Annual,Consumer,Paid Search,False,15,2024-04
CUST-01967,2024-06-13,Annual,Consumer,Referral,False,18,2024-06
CUST-01968,2025-06-17,Annual,Enterprise,Email,True,17,2025-06
CUST-01969,2024-02-27,Monthly,Consumer,Organic,False,5,2024-02
CUST-01970,2025-06-02,Monthly,Consumer,Paid Search,False,13,2025-06
CUST-01971,2024-02-15,Quarterly,Small Business,Social,False,12,2024-02
CUST-01972,2024-10-22,Monthly,Consumer,Social,False,5,2024-10
CUST-01973,2024-01-15,Monthly,Consumer,Referral,False,3,2024-01
CUST-01974,2025-04-23,Monthly,Consumer,Referral,False,10,2025-04
CUST-01975,2025-01-01,Quarterly,Enterprise,Paid Search,False,13,2025-01
CUST-01976,2024-01-13,Quarterly,Consumer,Paid Search,False,14,2024-01
CUST-01977,2024-09-26,Quarterly,Small Business,Email,False,17,2024-09
CUST-01978,2024-09-13,Quarterly,Consumer,Organic,True,9,2024-09
CUST-01979,2025-06-27,Quarterly,Consumer,Referral,False,12,2025-06
CUST-01980,2024-05-27,Monthly,Consumer,Organic,False,5,2024-05
CUST-01981,2024-10-05,Annual,Consumer,Organic,False,29,2024-10
CUST-01982,2024-07-04,Monthly,Consumer,Paid Search,False,1,2024-07
CUST-01983,2024-09-16,Annual,Small Business,Organic,False,17,2024-09
CUST-01984,2025-05-16,Monthly,Enterprise,Referral,False,7,2025-05
CUST-01985,2025-04-19,Annual,Small Business,Organic,False,18,2025-04
CUST-01986,2024-05-28,Quarterly,Consumer,Referral,False,12,2024-05
CUST-01987,2024-05-10,Monthly,Consumer,Email,False,19,2024-05
CUST-01988,2025-04-03,Quarterly,Consumer,Email,True,7,2025-04
CUST-01989,2024-10-21,Quarterly,Small Business,Organic,True,7,2024-10
CUST-01990,2024-07-22,Monthly,Consumer,Social,False,9,2024-07
CUST-01991,2024-03-15,Quarterly,Small Business,Referral,False,15,2024-03
CUST-01992,2024-03-27,Quarterly,Small Business,Referral,False,9,2024-03
CUST-01993,2025-01-22,Quarterly,Small Business,Social,False,13,2025-01
CUST-01994,2025-03-15,Annual,Small Business,Organic,False,17,2025-03
CUST-01995,2024-11-06,Monthly,Enterprise,Organic,False,9,2024-11
CUST-01996,2025-02-11,Monthly,Consumer,Organic,True,1,2025-02
CUST-01997,2025-04-19,Monthly,Small Business,Organic,False,8,2025-04
CUST-01998,2024-07-20,Monthly,Small Business,Paid Search,False,3,2024-07
CUST-01999,2024-10-14,Quarterly,Consumer,Social,False,9,2024-10
CUST-02000,2024-04-12,Monthly,Small Business,Referral,True,2,2024-04
CUST-02001,2024-07-23,Monthly,Consumer,Organic,True,1,2024-07
CUST-02002,2024-10-30,Quarterly,Consumer,Organic,True,10,2024-10
CUST-02003,2024-04-19,Annual,Consumer,Email,False,24,2024-04
CUST-02004,2025-01-23,Monthly,Consumer,Email,True,8,2025-01
CUST-02005,2024-12-17,Monthly,Enterprise,Organic,True,3,2024-12
CUST-02006,2024-02-02,Monthly,Consumer,Email,True,5,2024-02
CUST-02007,2024-07-10,Monthly,Enterprise,Social,False,7,2024-07
CUST-02008,2024-08-03,Annual,Consumer,Email,False,27,2024-08
CUST-02009,2024-11-25,Monthly,Consumer,Paid Search,False,9,2024-11
CUST-02010,2025-06-20,Annual,Consumer,Referral,False,14,2025-06
CUST-02011,2025-01-29,Monthly,Consumer,Paid Search,True,1,2025-01
CUST-02012,2024-03-24,Quarterly,Consumer,Paid Search,False,5,2024-03
CUST-02013,2025-04-01,Monthly,Small Business,Email,True,1,2025-04
CUST-02014,2024-09-02,Annual,Consumer,Referral,False,22,2024-09
CUST-02015,2025-04-15,Annual,Enterprise,Organic,False,15,2025-04
CUST-02016,2024-01-04,Monthly,Consumer,Email,True,3,2024-01
CUST-02017,2024-05-04,Quarterly,Consumer,Social,False,14,2024-05
CUST-02018,2024-12-25,Quarterly,Consumer,Email,False,16,2024-12
CUST-02019,2024-11-15,Annual,Consumer,Email,False,21,2024-11
CUST-02020,2025-02-02,Monthly,Consumer,Social,True,5,2025-02
CUST-02021,2024-06-16,Monthly,Small Business,Organic,False,5,2024-06
CUST-02022,2024-06-19,Monthly,Consumer,Social,False,9,2024-06
CUST-02023,2024-07-25,Monthly,Consumer,Paid Search,True,8,2024-07
CUST-02024,2025-02-10,Annual,Small Business,Organic,False,18,2025-02
CUST-02025,2025-05-20,Monthly,Consumer,Paid Search,False,4,2025-05
CUST-02026,2024-01-16,Quarterly,Consumer,Email,False,15,2024-01
CUST-02027,2024-12-14,Monthly,Consumer,Organic,False,6,2024-12
CUST-02028,2024-03-06,Annual,Small Business,Email,False,10,2024-03
CUST-02029,2025-04-03,Monthly,Consumer,Paid Search,False,1,2025-04
CUST-02030,2025-06-10,Monthly,Consumer,Referral,True,10,2025-06
CUST-02031,2025-04-30,Monthly,Consumer,Organic,False,1,2025-04
CUST-02032,2024-04-05,Monthly,Small Business,Email,True,7,2024-04
CUST-02033,2024-10-16,Monthly,Consumer,Paid Search,False,2,2024-10
CUST-02034,2024-07-24,Monthly,Consumer,Referral,False,16,2024-07
CUST-02035,2025-04-28,Annual,Consumer,Referral,False,18,2025-04
CUST-02036,2024-05-17,Monthly,Consumer,Paid Search,False,4,2024-05
CUST-02037,2025-03-19,Monthly,Small Business,Email,False,1,2025-03
CUST-02038,2025-06-21,Annual,Consumer,Paid Search,False,19,2025-06
CUST-02039,2025-02-22,Annual,Consumer,Organic,False,29,2025-02
CUST-02040,2025-05-29,Monthly,Enterprise,Organic,False,10,2025-05
CUST-02041,2025-03-10,Quarterly,Consumer,Referral,False,16,2025-03
CUST-02042,2024-12-25,Annual,Consumer,Paid Search,True,19,2024-12
CUST-02043,2024-02-09,Annual,Consumer,Referral,False,20,2024-02
CUST-02044,2025-01-16,Monthly,Consumer,Referral,True,3,2025-01
CUST-02045,2024-09-14,Monthly,Small Business,Social,True,5,2024-09
CUST-02046,2024-02-14,Monthly,Small Business,Paid Search,True,2,2024-02
CUST-02047,2024-08-21,Quarterly,Consumer,Email,True,13,2024-08
CUST-02048,2024-01-25,Annual,Consumer,Referral,False,25,2024-01
CUST-02049,2024-02-05,Quarterly,Small Business,Paid Search,True,11,2024-02
CUST-02050,2025-02-05,Monthly,Consumer,Referral,False,3,2025-02
CUST-02051,2024-05-15,Quarterly,Consumer,Organic,False,21,2024-05
CUST-02052,2024-05-08,Monthly,Consumer,Paid Search,False,2,2024-05
CUST-02053,2024-09-13,Quarterly,Consumer,Social,False,12,2024-09
CUST-02054,2024-11-25,Monthly,Consumer,Social,False,7,2024-11
CUST-02055,2024-08-06,Monthly,Consumer,Social,False,11,2024-08
CUST-02056,2025-06-01,Annual,Small Business,Referral,False,18,2025-06
CUST-02057,2024-08-12,Monthly,Consumer,Email,False,5,2024-08
CUST-02058,2024-02-25,Quarterly,Enterprise,Email,False,13,2024-02
CUST-02059,2024-01-22,Quarterly,Small Business,Paid Search,True,7,2024-01
CUST-02060,2024-02-07,Monthly,Consumer,Referral,False,1,2024-02
CUST-02061,2024-06-04,Annual,Consumer,Email,False,15,2024-06
CUST-02062,2025-01-28,Quarterly,Consumer,Social,False,13,2025-01
CUST-02063,2025-02-08,Annual,Small Business,Email,True,30,2025-02
CUST-02064,2024-06-25,Monthly,Consumer,Social,False,4,2024-06
CUST-02065,2024-06-08,Annual,Consumer,Social,False,16,2024-06
CUST-02066,2024-04-20,Annual,Consumer,Social,False,28,2024-04
CUST-02067,2024-10-09,Monthly,Consumer,Social,False,2,2024-10
CUST-02068,2024-02-16,Quarterly,Small Business,Paid Search,False,6,2024-02
CUST-02069,2024-08-29,Quarterly,Small Business,Paid Search,False,3,2024-08
CUST-02070,2024-09-26,Annual,Small Business,Paid Search,False,27,2024-09
CUST-02071,2024-03-01,Quarterly,Consumer,Email,True,4,2024-03
CUST-02072,2024-08-31,Quarterly,Consumer,Referral,False,19,2024-08
CUST-02073,2025-03-09,Quarterly,Consumer,Social,True,16,2025-03
CUST-02074,2025-04-18,Quarterly,Consumer,Social,True,10,2025-04
CUST-02075,2025-05-13,Monthly,Small Business,Referral,False,7,2025-05
CUST-02076,2025-01-17,Monthly,Consumer,Social,True,1,2025-01
CUST-02077,2025-05-24,Annual,Consumer,Social,False,32,2025-05
CUST-02078,2024-03-07,Monthly,Small Business,Social,False,8,2024-03
CUST-02079,2024-01-29,Monthly,Consumer,Email,True,11,2024-01
CUST-02080,2024-05-12,Annual,Consumer,Paid Search,False,22,2024-05
CUST-02081,2025-05-20,Annual,Consumer,Referral,False,24,2025-05
CUST-02082,2024-01-05,Monthly,Enterprise,Email,False,5,2024-01
CUST-02083,2024-03-21,Annual,Consumer,Referral,False,10,2024-03
CUST-02084,2025-06-26,Monthly,Consumer,Referral,True,11,2025-06
CUST-02085,2025-05-29,Quarterly,Consumer,Organic,False,17,2025-05
CUST-02086,2024-05-01,Monthly,Consumer,Organic,False,6,2024-05
CUST-02087,2025-05-27,Monthly,Consumer,Organic,True,1,2025-05
CUST-02088,2024-12-03,Monthly,Consumer,Organic,True,8,2024-12
CUST-02089,2024-07-02,Monthly,Consumer,Organic,True,5,2024-07
CUST-02090,2025-05-11,Annual,Small Business,Paid Search,False,27,2025-05
CUST-02091,2024-12-10,Monthly,Small Business,Organic,False,9,2024-12
CUST-02092,2024-04-09,Monthly,Consumer,Email,True,1,2024-04
CUST-02093,2024-12-10,Quarterly,Consumer,Paid Search,False,14,2024-12
CUST-02094,2024-10-20,Monthly,Small Business,Email,False,5,2024-10
CUST-02095,2024-10-18,Quarterly,Enterprise,Social,False,17,2024-10
CUST-02096,2024-08-11,Annual,Consumer,Email,False,23,2024-08
CUST-02097,2024-10-04,Quarterly,Small Business,Paid Search,False,15,2024-10
CUST-02098,2025-03-03,Annual,Small Business,Paid Search,False,10,2025-03
CUST-02099,2024-07-27,Monthly,Consumer,Paid Search,True,13,2024-07
CUST-02100,2024-04-02,Monthly,Small Business,Social,False,3,2024-04
CUST-02101,2024-11-16,Annual,Consumer,Paid Search,False,22,2024-11
CUST-02102,2024-10-04,Annual,Consumer,Referral,False,17,2024-10
CUST-02103,2025-01-27,Quarterly,Small Business,Paid Search,False,12,2025-01
CUST-02104,2025-06-09,Monthly,Consumer,Social,False,7,2025-06
CUST-02105,2025-01-10,Monthly,Small Business,Referral,False,4,2025-01
CUST-02106,2025-05-14,Monthly,Consumer,Organic,False,1,2025-05
CUST-02107,2024-06-15,Monthly,Consumer,Paid Search,False,8,2024-06
CUST-02108,2024-06-06,Quarterly,Consumer,Email,True,5,2024-06
CUST-02109,2024-04-08,Quarterly,Consumer,Social,False,10,2024-04
CUST-02110,2024-04-05,Monthly,Small Business,Referral,False,10,2024-04
CUST-02111,2024-08-05,Quarterly,Consumer,Social,False,11,2024-08
CUST-02112,2024-11-27,Monthly,Consumer,Referral,False,15,2024-11
CUST-02113,2024-05-31,Annual,Small Business,Social,False,14,2024-05
CUST-02114,2025-03-03,Monthly,Consumer,Referral,True,1,2025-03
CUST-02115,2024-03-24,Monthly,Consumer,Paid Search,False,1,2024-03
CUST-02116,2025-01-12,Monthly,Consumer,Paid Search,False,1,2025-01
CUST-02117,2024-04-15,Quarterly,Small Business,Referral,True,8,2024-04
CUST-02118,2025-06-18,Quarterly,Consumer,Organic,True,1,2025-06
CUST-02119,2024-01-05,Quarterly,Consumer,Organic,False,11,2024-01
CUST-02120,2024-12-08,Monthly,Small Business,Referral,False,4,2024-12
CUST-02121,2024-12-08,Quarterly,Consumer,Organic,False,16,2024-12
CUST-02122,2024-08-13,Monthly,Small Business,Referral,False,8,2024-08
CUST-02123,2024-01-31,Monthly,Consumer,Paid Search,False,5,2024-01
CUST-02124,2024-06-09,Monthly,Enterprise,Social,False,6,2024-06
CUST-02125,2024-04-23,Monthly,Consumer,Email,False,3,2024-04
CUST-02126,2024-06-17,Quarterly,Consumer,Paid Search,True,13,2024-06
CUST-02127,2024-08-29,Annual,Enterprise,Social,False,24,2024-08
CUST-02128,2024-02-11,Monthly,Consumer,Paid Search,False,8,2024-02
CUST-02129,2025-06-26,Monthly,Small Business,Organic,False,8,2025-06
CUST-02130,2025-05-26,Monthly,Consumer,Social,False,3,2025-05
CUST-02131,2024-08-09,Monthly,Consumer,Referral,False,1,2024-08
CUST-02132,2024-09-21,Monthly,Enterprise,Paid Search,False,3,2024-09
CUST-02133,2024-01-15,Monthly,Consumer,Organic,False,7,2024-01
CUST-02134,2024-11-14,Monthly,Consumer,Organic,False,4,2024-11
CUST-02135,2024-10-03,Quarterly,Small Business,Paid Search,False,5,2024-10
CUST-02136,2025-04-18,Monthly,Consumer,Referral,True,7,2025-04
CUST-02137,2025-02-22,Annual,Consumer,Paid Search,True,24,2025-02
CUST-02138,2024-06-10,Quarterly,Consumer,Organic,False,19,2024-06
CUST-02139,2025-02-02,Monthly,Small Business,Email,True,1,2025-02
CUST-02140,2024-05-08,Monthly,Consumer,Social,False,2,2024-05
CUST-02141,2024-12-21,Quarterly,Consumer,Paid Search,False,13,2024-12
CUST-02142,2025-04-04,Monthly,Consumer,Paid Search,True,6,2025-04
CUST-02143,2024-07-10,Quarterly,Consumer,Organic,True,18,2024-07
CUST-02144,2025-01-17,Monthly,Small Business,Referral,True,1,2025-01
CUST-02145,2024-02-17,Monthly,Consumer,Paid Search,False,6,2024-02
CUST-02146,2024-02-05,Annual,Consumer,Email,False,28,2024-02
CUST-02147,2025-02-06,Annual,Consumer,Social,False,24,2025-02
CUST-02148,2024-03-03,Monthly,Consumer,Organic,False,7,2024-03
CUST-02149,2024-10-25,Quarterly,Consumer,Email,False,14,2024-10
CUST-02150,2024-02-26,Quarterly,Consumer,Referral,False,15,2024-02
CUST-02151,2025-05-31,Monthly,Consumer,Email,False,5,2025-05
CUST-02152,2024-01-10,Quarterly,Small Business,Referral,False,6,2024-01
CUST-02153,2025-04-25,Quarterly,Small Business,Email,False,17,2025-04
CUST-02154,2025-03-30,Monthly,Small Business,Email,True,6,2025-03
CUST-02155,2024-05-27,Monthly,Small Business,Referral,False,4,2024-05
CUST-02156,2024-08-29,Quarterly,Consumer,Referral,False,11,2024-08
CUST-02157,2024-03-06,Monthly,Small Business,Paid Search,True,6,2024-03
CUST-02158,2025-02-18,Annual,Consumer,Email,False,14,2025-02
CUST-02159,2024-08-07,Annual,Small Business,Organic,False,20,2024-08
CUST-02160,2025-06-15,Quarterly,Consumer,Referral,False,12,2025-06
CUST-02161,2025-02-25,Monthly,Consumer,Referral,True,1,2025-02
CUST-02162,2024-05-22,Monthly,Consumer,Referral,False,3,2024-05
CUST-02163,2024-08-25,Quarterly,Small Business,Referral,False,7,2024-08
CUST-02164,2025-03-15,Annual,Small Business,Paid Search,False,17,2025-03
CUST-02165,2025-02-22,Quarterly,Consumer,Paid Search,False,6,2025-02
CUST-02166,2024-11-27,Monthly,Enterprise,Referral,False,1,2024-11
CUST-02167,2024-03-01,Monthly,Consumer,Referral,False,1,2024-03
CUST-02168,2024-10-23,Monthly,Consumer,Paid Search,False,1,2024-10
CUST-02169,2025-03-31,Monthly,Consumer,Paid Search,True,3,2025-03
CUST-02170,2025-01-10,Annual,Enterprise,Social,False,22,2025-01
CUST-02171,2024-01-26,Monthly,Consumer,Referral,False,9,2024-01
CUST-02172,2024-07-08,Annual,Small Business,Organic,False,16,2024-07
CUST-02173,2024-10-02,Quarterly,Consumer,Email,False,19,2024-10
CUST-02174,2025-05-01,Quarterly,Consumer,Referral,False,13,2025-05
CUST-02175,2024-11-20,Monthly,Consumer,Social,False,1,2024-11
CUST-02176,2025-03-10,Annual,Consumer,Organic,False,27,2025-03
CUST-02177,2025-01-05,Monthly,Small Business,Social,False,13,2025-01
CUST-02178,2024-12-01,Monthly,Consumer,Email,False,6,2024-12
CUST-02179,2024-01-04,Monthly,Consumer,Social,False,4,2024-01
CUST-02180,2024-05-12,Quarterly,Consumer,Email,False,15,2024-05
CUST-02181,2024-04-28,Monthly,Consumer,Email,False,3,2024-04
CUST-02182,2024-11-25,Quarterly,Small Business,Referral,False,9,2024-11
CUST-02183,2024-03-25,Monthly,Consumer,Email,False,6,2024-03
CUST-02184,2024-07-30,Quarterly,Consumer,Organic,True,5,2024-07
CUST-02185,2024-07-01,Annual,Consumer,Referral,False,25,2024-07
CUST-02186,2024-12-15,Monthly,Small Business,Social,False,13,2024-12
CUST-02187,2024-09-25,Monthly,Small Business,Paid Search,False,14,2024-09
CUST-02188,2024-01-20,Monthly,Consumer,Referral,False,10,2024-01
CUST-02189,2025-02-08,Monthly,Consumer,Organic,False,10,2025-02
CUST-02190,2025-01-29,Annual,Consumer,Email,False,13,2025-01
CUST-02191,2025-01-15,Monthly,Small Business,Paid Search,False,7,2025-01
CUST-02192,2025-03-20,Monthly,Consumer,Paid Search,False,10,2025-03
CUST-02193,2025-01-21,Monthly,Consumer,Organic,False,9,2025-01
CUST-02194,2025-01-03,Monthly,Consumer,Organic,False,11,2025-01
CUST-02195,2025-03-18,Monthly,Enterprise,Paid Search,True,5,2025-03
CUST-02196,2024-04-04,Annual,Consumer,Organic,False,20,2024-04
CUST-02197,2024-11-26,Quarterly,Small Business,Social,False,12,2024-11
CUST-02198,2024-06-27,Quarterly,Enterprise,Referral,False,9,2024-06
CUST-02199,2024-05-16,Annual,Consumer,Email,False,25,2024-05
CUST-02200,2024-08-30,Monthly,Enterprise,Social,True,4,2024-08
CUST-02201,2025-06-09,Quarterly,Consumer,Paid Search,False,15,2025-06
CUST-02202,2025-05-23,Quarterly,Small Business,Email,True,13,2025-05
CUST-02203,2024-03-22,Monthly,Consumer,Email,False,14,2024-03
CUST-02204,2025-05-18,Quarterly,Consumer,Organic,False,1,2025-05
CUST-02205,2024-01-03,Monthly,Consumer,Email,False,1,2024-01
CUST-02206,2024-05-21,Monthly,Enterprise,Referral,False,2,2024-05
CUST-02207,2024-01-27,Monthly,Consumer,Social,False,1,2024-01
CUST-02208,2025-02-16,Monthly,Consumer,Paid Search,False,1,2025-02
CUST-02209,2025-03-24,Annual,Consumer,Paid Search,False,26,2025-03
CUST-02210,2024-07-02,Monthly,Consumer,Organic,True,9,2024-07
CUST-02211,2024-09-02,Quarterly,Consumer,Referral,False,11,2024-09
CUST-02212,2024-08-17,Quarterly,Consumer,Social,False,9,2024-08
CUST-02213,2025-01-31,Monthly,Consumer,Email,True,3,2025-01
CUST-02214,2024-08-10,Monthly,Enterprise,Organic,False,4,2024-08
CUST-02215,2024-08-03,Quarterly,Enterprise,Organic,False,19,2024-08
CUST-02216,2024-07-14,Monthly,Small Business,Paid Search,False,3,2024-07
CUST-02217,2025-06-09,Monthly,Enterprise,Social,True,1,2025-06
CUST-02218,2025-04-10,Annual,Consumer,Paid Search,False,11,2025-04
CUST-02219,2024-11-15,Monthly,Enterprise,Referral,True,5,2024-11
CUST-02220,2024-06-09,Quarterly,Consumer,Paid Search,False,15,2024-06
CUST-02221,2024-05-25,Monthly,Small Business,Paid Search,True,9,2024-05
CUST-02222,2024-11-03,Monthly,Consumer,Email,False,1,2024-11
CUST-02223,2025-03-26,Monthly,Consumer,Organic,False,14,2025-03
CUST-02224,2024-05-29,Monthly,Small Business,Paid Search,False,11,2024-05
CUST-02225,2024-02-12,Monthly,Consumer,Organic,True,2,2024-02
CUST-02226,2024-05-07,Annual,Small Business,Paid Search,False,25,2024-05
CUST-02227,2025-03-16,Annual,Consumer,Paid Search,False,19,2025-03
CUST-02228,2024-04-19,Monthly,Consumer,Social,False,3,2024-04
CUST-02229,2024-09-01,Quarterly,Enterprise,Social,False,16,2024-09
CUST-02230,2025-02-02,Quarterly,Consumer,Paid Search,False,7,2025-02
CUST-02231,2024-08-26,Annual,Consumer,Organic,False,25,2024-08
CUST-02232,2024-04-19,Annual,Consumer,Organic,False,18,2024-04
CUST-02233,2024-10-26,Quarterly,Small Business,Paid Search,False,19,2024-10
CUST-02234,2024-09-05,Quarterly,Small Business,Referral,False,15,2024-09
CUST-02235,2024-08-15,Monthly,Consumer,Email,False,1,2024-08
CUST-02236,2024-08-07,Annual,Consumer,Email,False,21,2024-08
CUST-02237,2025-06-11,Monthly,Consumer,Email,False,10,2025-06
CUST-02238,2024-01-18,Annual,Consumer,Email,False,15,2024-01
CUST-02239,2024-02-12,Monthly,Small Business,Social,False,8,2024-02
CUST-02240,2024-10-29,Monthly,Small Business,Paid Search,True,3,2024-10
CUST-02241,2024-07-20,Quarterly,Small Business,Social,False,7,2024-07
CUST-02242,2024-10-11,Annual,Consumer,Referral,False,19,2024-10
CUST-02243,2024-12-11,Monthly,Enterprise,Social,True,7,2024-12
CUST-02244,2025-05-06,Quarterly,Consumer,Referral,False,17,2025-05
CUST-02245,2025-03-16,Monthly,Consumer,Organic,True,14,2025-03
CUST-02246,2024-11-17,Monthly,Small Business,Paid Search,True,6,2024-11
CUST-02247,2025-06-19,Monthly,Consumer,Paid Search,True,11,2025-06
CUST-02248,2024-11-17,Quarterly,Consumer,Social,False,4,2024-11
CUST-02249,2025-06-10,Quarterly,Consumer,Referral,False,15,2025-06
CUST-02250,2024-09-19,Monthly,Consumer,Email,False,6,2024-09
CUST-02251,2024-10-15,Quarterly,Consumer,Paid Search,False,10,2024-10
CUST-02252,2024-11-30,Annual,Small Business,Social,True,18,2024-11
CUST-02253,2024-12-18,Monthly,Consumer,Organic,False,10,2024-12
CUST-02254,2024-10-11,Monthly,Small Business,Social,True,8,2024-10
CUST-02255,2024-12-25,Monthly,Small Business,Referral,True,12,2024-12
CUST-02256,2024-08-11,Quarterly,Consumer,Social,False,7,2024-08
CUST-02257,2024-12-09,Monthly,Small Business,Referral,False,1,2024-12
CUST-02258,2024-09-29,Quarterly,Enterprise,Email,False,9,2024-09
CUST-02259,2024-10-11,Annual,Consumer,Paid Search,False,17,2024-10
CUST-02260,2025-03-09,Annual,Consumer,Referral,False,25,2025-03
CUST-02261,2025-01-10,Annual,Consumer,Organic,False,23,2025-01
CUST-02262,2024-01-21,Annual,Consumer,Email,False,21,2024-01
CUST-02263,2025-06-12,Monthly,Consumer,Paid Search,True,1,2025-06
CUST-02264,2024-02-18,Quarterly,Consumer,Organic,True,8,2024-02
CUST-02265,2024-04-27,Quarterly,Small Business,Email,False,11,2024-04
CUST-02266,2025-01-31,Monthly,Consumer,Referral,False,8,2025-01
CUST-02267,2025-01-06,Quarterly,Enterprise,Paid Search,True,20,2025-01
CUST-02268,2024-07-04,Monthly,Consumer,Email,False,1,2024-07
CUST-02269,2024-08-02,Monthly,Consumer,Email,True,10,2024-08
CUST-02270,2024-10-09,Annual,Small Business,Email,False,21,2024-10
CUST-02271,2024-04-23,Monthly,Small Business,Organic,False,4,2024-04
CUST-02272,2024-07-13,Monthly,Small Business,Email,True,1,2024-07
CUST-02273,2024-09-17,Monthly,Enterprise,Referral,True,5,2024-09
CUST-02274,2025-01-28,Monthly,Consumer,Referral,True,6,2025-01
CUST-02275,2024-01-23,Quarterly,Enterprise,Organic,False,8,2024-01
CUST-02276,2025-02-02,Monthly,Small Business,Referral,True,1,2025-02
CUST-02277,2024-11-01,Annual,Small Business,Paid Search,False,22,2024-11
CUST-02278,2025-03-03,Annual,Small Business,Paid Search,False,26,2025-03
CUST-02279,2024-03-07,Monthly,Consumer,Organic,False,9,2024-03
CUST-02280,2025-05-23,Annual,Small Business,Email,False,14,2025-05
CUST-02281,2024-03-14,Monthly,Consumer,Email,False,8,2024-03
CUST-02282,2024-06-27,Monthly,Consumer,Referral,False,4,2024-06
CUST-02283,2024-04-22,Monthly,Consumer,Organic,False,19,2024-04
CUST-02284,2024-09-07,Annual,Small Business,Social,False,12,2024-09
CUST-02285,2024-04-01,Monthly,Small Business,Referral,False,4,2024-04
CUST-02286,2024-12-23,Monthly,Small Business,Social,False,1,2024-12
CUST-02287,2025-03-02,Quarterly,Small Business,Referral,False,13,2025-03
CUST-02288,2024-04-29,Annual,Consumer,Email,False,15,2024-04
CUST-02289,2025-06-21,Monthly,Consumer,Paid Search,False,8,2025-06
CUST-02290,2024-10-03,Annual,Consumer,Social,False,7,2024-10
CUST-02291,2025-06-16,Monthly,Small Business,Organic,False,14,2025-06
CUST-02292,2024-03-13,Quarterly,Consumer,Paid Search,False,16,2024-03
CUST-02293,2024-12-11,Annual,Consumer,Paid Search,False,20,2024-12
CUST-02294,2024-07-30,Annual,Small Business,Paid Search,False,22,2024-07
CUST-02295,2024-02-03,Quarterly,Small Business,Referral,False,15,2024-02
CUST-02296,2025-04-07,Monthly,Consumer,Paid Search,False,2,2025-04
CUST-02297,2025-01-20,Monthly,Small Business,Social,True,5,2025-01
CUST-02298,2025-03-25,Monthly,Consumer,Email,False,4,2025-03
CUST-02299,2024-01-19,Quarterly,Consumer,Paid Search,False,12,2024-01
CUST-02300,2025-02-15,Annual,Small Business,Organic,False,15,2025-02
CUST-02301,2025-05-12,Annual,Consumer,Social,False,25,2025-05
CUST-02302,2025-01-28,Annual,Consumer,Referral,False,18,2025-01
CUST-02303,2025-06-10,Monthly,Consumer,Email,False,13,2025-06
CUST-02304,2024-11-15,Monthly,Consumer,Email,False,15,2024-11
CUST-02305,2024-06-28,Monthly,Consumer,Organic,False,8,2024-06
CUST-02306,2025-06-05,Monthly,Consumer,Paid Search,False,6,2025-06
CUST-02307,2024-12-11,Monthly,Consumer,Organic,False,1,2024-12
CUST-02308,2024-08-08,Annual,Small Business,Organic,False,19,2024-08
CUST-02309,2025-05-16,Annual,Consumer,Social,False,22,2025-05
CUST-02310,2024-02-13,Monthly,Small Business,Email,False,7,2024-02
CUST-02311,2024-02-16,Monthly,Enterprise,Social,False,11,2024-02
CUST-02312,2024-04-28,Monthly,Small Business,Referral,False,8,2024-04
CUST-02313,2024-06-26,Monthly,Consumer,Referral,False,5,2024-06
CUST-02314,2025-03-13,Monthly,Consumer,Referral,True,4,2025-03
CUST-02315,2025-01-15,Quarterly,Small Business,Organic,False,13,2025-01
CUST-02316,2024-04-11,Annual,Small Business,Referral,False,22,2024-04
CUST-02317,2024-02-20,Quarterly,Consumer,Social,False,4,2024-02
CUST-02318,2024-07-23,Quarterly,Consumer,Organic,False,12,2024-07
CUST-02319,2024-08-17,Monthly,Consumer,Email,False,4,2024-08
CUST-02320,2024-05-14,Monthly,Enterprise,Social,False,2,2024-05
CUST-02321,2025-03-15,Quarterly,Consumer,Organic,False,14,2025-03
CUST-02322,2025-06-11,Annual,Small Business,Organic,False,28,2025-06
CUST-02323,2024-05-25,Monthly,Consumer,Email,False,1,2024-05
CUST-02324,2024-07-09,Quarterly,Consumer,Paid Search,False,13,2024-07
CUST-02325,2025-05-01,Monthly,Consumer,Email,False,6,2025-05
CUST-02326,2025-02-01,Quarterly,Consumer,Email,True,3,2025-02
CUST-02327,2024-06-21,Annual,Small Business,Social,False,16,2024-06
CUST-02328,2024-09-16,Monthly,Consumer,Referral,True,8,2024-09
CUST-02329,2024-01-20,Monthly,Small Business,Organic,False,5,2024-01
CUST-02330,2024-09-27,Annual,Small Business,Paid Search,False,16,2024-09
CUST-02331,2024-07-12,Quarterly,Small Business,Paid Search,True,11,2024-07
CUST-02332,2024-01-14,Monthly,Small Business,Organic,False,5,2024-01
CUST-02333,2024-01-14,Annual,Consumer,Referral,False,18,2024-01
CUST-02334,2024-09-16,Monthly,Consumer,Organic,False,1,2024-09
CUST-02335,2025-02-19,Monthly,Consumer,Paid Search,False,15,2025-02
CUST-02336,2025-02-07,Quarterly,Small Business,Email,False,18,2025-02
CUST-02337,2024-09-06,Quarterly,Small Business,Social,False,14,2024-09
CUST-02338,2025-04-17,Monthly,Enterprise,Social,True,4,2025-04
CUST-02339,2025-01-26,Monthly,Consumer,Email,False,1,2025-01
CUST-02340,2024-09-25,Monthly,Small Business,Paid Search,True,9,2024-09
CUST-02341,2024-10-01,Monthly,Consumer,Email,False,7,2024-10
CUST-02342,2024-04-16,Quarterly,Enterprise,Organic,False,4,2024-04
CUST-02343,2024-10-02,Annual,Consumer,Email,True,19,2024-10
CUST-02344,2024-03-04,Annual,Consumer,Email,False,20,2024-03
CUST-02345,2024-05-08,Quarterly,Consumer,Referral,False,2,2024-05
CUST-02346,2025-03-30,Quarterly,Consumer,Referral,False,10,2025-03
CUST-02347,2025-04-29,Monthly,Consumer,Organic,False,16,2025-04
CUST-02348,2024-03-27,Monthly,Consumer,Email,False,1,2024-03
CUST-02349,2024-09-21,Monthly,Small Business,Organic,True,15,2024-09
CUST-02350,2025-04-10,Monthly,Consumer,Email,True,1,2025-04
CUST-02351,2024-05-07,Monthly,Consumer,Email,False,9,2024-05
CUST-02352,2025-02-09,Annual,Consumer,Social,True,20,2025-02
CUST-02353,2024-12-29,Monthly,Small Business,Email,False,3,2024-12
CUST-02354,2024-07-09,Quarterly,Consumer,Organic,True,16,2024-07
CUST-02355,2024-08-20,Monthly,Small Business,Paid Search,False,12,2024-08
CUST-02356,2024-06-19,Monthly,Enterprise,Email,False,1,2024-06
CUST-02357,2024-05-15,Monthly,Consumer,Email,False,1,2024-05
CUST-02358,2025-03-19,Annual,Consumer,Paid Search,False,28,2025-03
CUST-02359,2025-05-23,Monthly,Consumer,Referral,False,11,2025-05
CUST-02360,2024-11-03,Monthly,Small Business,Paid Search,False,8,2024-11
CUST-02361,2024-09-06,Annual,Consumer,Paid Search,False,19,2024-09
CUST-02362,2024-06-24,Monthly,Consumer,Email,False,1,2024-06
CUST-02363,2025-02-01,Monthly,Consumer,Organic,False,7,2025-02
CUST-02364,2025-02-10,Quarterly,Consumer,Email,True,11,2025-02
CUST-02365,2024-11-29,Monthly,Enterprise,Referral,False,4,2024-11
CUST-02366,2024-06-16,Quarterly,Small Business,Paid Search,False,13,2024-06
CUST-02367,2025-01-04,Quarterly,Small Business,Email,False,7,2025-01
CUST-02368,2025-06-27,Monthly,Small Business,Paid Search,False,2,2025-06
CUST-02369,2024-05-08,Quarterly,Consumer,Paid Search,False,15,2024-05
CUST-02370,2024-03-17,Quarterly,Small Business,Referral,True,10,2024-03
CUST-02371,2025-06-09,Monthly,Consumer,Organic,False,1,2025-06
CUST-02372,2025-03-07,Quarterly,Small Business,Organic,False,12,2025-03
CUST-02373,2024-07-19,Annual,Consumer,Organic,False,22,2024-07
CUST-02374,2024-12-20,Monthly,Consumer,Paid Search,True,1,2024-12
CUST-02375,2024-11-24,Quarterly,Small Business,Social,True,1,2024-11
CUST-02376,2024-05-25,Monthly,Consumer,Email,False,6,2024-05
CUST-02377,2024-05-19,Quarterly,Consumer,Paid Search,True,15,2024-05
CUST-02378,2024-06-10,Annual,Consumer,Referral,False,14,2024-06
CUST-02379,2024-08-12,Monthly,Small Business,Paid Search,True,2,2024-08
CUST-02380,2024-03-19,Monthly,Enterprise,Referral,False,1,2024-03
CUST-02381,2025-04-26,Monthly,Consumer,Referral,False,6,2025-04
CUST-02382,2025-04-27,Monthly,Small Business,Organic,True,8,2025-04
CUST-02383,2024-01-17,Quarterly,Consumer,Paid Search,True,5,2024-01
CUST-02384,2024-08-21,Monthly,Small Business,Paid Search,False,2,2024-08
CUST-02385,2024-02-21,Monthly,Consumer,Organic,True,12,2024-02
CUST-02386,2024-01-07,Monthly,Small Business,Organic,True,10,2024-01
CUST-02387,2024-09-01,Quarterly,Consumer,Paid Search,False,12,2024-09
CUST-02388,2024-04-15,Monthly,Small Business,Social,False,12,2024-04
CUST-02389,2025-04-22,Annual,Enterprise,Social,False,24,2025-04
CUST-02390,2024-02-26,Monthly,Consumer,Paid Search,True,8,2024-02
CUST-02391,2024-05-12,Monthly,Consumer,Referral,False,10,2024-05
CUST-02392,2024-11-13,Monthly,Enterprise,Email,True,16,2024-11
CUST-02393,2024-06-02,Monthly,Enterprise,Organic,True,4,2024-06
CUST-02394,2024-06-25,Monthly,Consumer,Social,False,8,2024-06
CUST-02395,2024-02-07,Quarterly,Consumer,Email,False,11,2024-02
CUST-02396,2025-03-23,Quarterly,Small Business,Organic,False,13,2025-03
CUST-02397,2024-05-04,Monthly,Enterprise,Organic,False,11,2024-05
CUST-02398,2024-08-13,Monthly,Consumer,Paid Search,True,6,2024-08
CUST-02399,2024-10-19,Quarterly,Small Business,Email,True,17,2024-10
CUST-02400,2024-08-05,Annual,Consumer,Email,False,10,2024-08
CUST-02401,2024-10-01,Annual,Small Business,Email,False,25,2024-10
CUST-02402,2024-12-05,Monthly,Enterprise,Social,False,7,2024-12
CUST-02403,2024-03-29,Quarterly,Small Business,Referral,True,13,2024-03
CUST-02404,2024-08-29,Quarterly,Consumer,Paid Search,False,17,2024-08
CUST-02405,2025-06-01,Monthly,Small Business,Referral,False,3,2025-06
CUST-02406,2024-01-10,Monthly,Small Business,Email,False,11,2024-01
CUST-02407,2024-06-04,Monthly,Consumer,Email,False,1,2024-06
CUST-02408,2025-01-30,Quarterly,Consumer,Referral,False,8,2025-01
CUST-02409,2024-05-13,Monthly,Consumer,Paid Search,False,1,2024-05
CUST-02410,2024-06-18,Monthly,Small Business,Social,False,7,2024-06
CUST-02411,2024-12-09,Monthly,Consumer,Social,False,9,2024-12
CUST-02412,2025-04-01,Monthly,Consumer,Email,False,1,2025-04
CUST-02413,2024-10-28,Monthly,Consumer,Email,False,8,2024-10
CUST-02414,2024-05-02,Annual,Consumer,Organic,False,16,2024-05
CUST-02415,2024-04-21,Monthly,Consumer,Organic,False,4,2024-04
CUST-02416,2025-01-26,Monthly,Enterprise,Email,False,2,2025-01
CUST-02417,2025-01-01,Monthly,Consumer,Paid Search,True,5,2025-01
CUST-02418,2024-08-13,Monthly,Consumer,Social,False,3,2024-08
CUST-02419,2024-01-31,Monthly,Consumer,Organic,True,10,2024-01
CUST-02420,2024-09-22,Annual,Small Business,Referral,False,14,2024-09
CUST-02421,2024-12-15,Annual,Consumer,Paid Search,False,17,2024-12
CUST-02422,2024-03-28,Quarterly,Consumer,Social,False,7,2024-03
CUST-02423,2025-01-21,Quarterly,Consumer,Paid Search,False,14,2025-01
CUST-02424,2024-09-25,Monthly,Small Business,Email,False,1,2024-09
CUST-02425,2024-12-11,Monthly,Small Business,Organic,False,13,2024-12
CUST-02426,2024-05-15,Annual,Consumer,Paid Search,False,18,2024-05
CUST-02427,2024-03-19,Quarterly,Small Business,Organic,False,7,2024-03
CUST-02428,2025-01-18,Monthly,Consumer,Email,False,2,2025-01
CUST-02429,2024-07-24,Monthly,Consumer,Social,False,1,2024-07
CUST-02430,2025-01-09,Annual,Small Business,Email,False,16,2025-01
CUST-02431,2024-02-11,Quarterly,Consumer,Organic,False,12,2024-02
CUST-02432,2024-04-22,Annual,Consumer,Social,False,15,2024-04
CUST-02433,2024-06-23,Monthly,Small Business,Paid Search,True,10,2024-06
CUST-02434,2024-08-08,Quarterly,Small Business,Paid Search,False,6,2024-08
CUST-02435,2024-07-31,Annual,Consumer,Social,False,18,2024-07
CUST-02436,2025-05-30,Monthly,Small Business,Paid Search,True,1,2025-05
CUST-02437,2024-12-11,Quarterly,Consumer,Paid Search,False,11,2024-12
CUST-02438,2024-02-14,Monthly,Small Business,Social,False,5,2024-02
CUST-02439,2024-03-29,Annual,Consumer,Organic,False,18,2024-03
CUST-02440,2025-02-25,Annual,Consumer,Referral,False,22,2025-02
CUST-02441,2024-02-10,Monthly,Consumer,Email,False,11,2024-02
CUST-02442,2024-10-27,Monthly,Small Business,Referral,False,8,2024-10
CUST-02443,2025-05-02,Monthly,Small Business,Paid Search,False,1,2025-05
CUST-02444,2024-06-16,Monthly,Consumer,Referral,True,1,2024-06
CUST-02445,2024-01-08,Monthly,Small Business,Social,True,1,2024-01
CUST-02446,2024-12-21,Quarterly,Small Business,Email,False,14,2024-12
CUST-02447,2024-06-06,Annual,Enterprise,Email,False,23,2024-06
CUST-02448,2024-12-02,Annual,Small Business,Paid Search,True,19,2024-12
CUST-02449,2024-04-30,Annual,Consumer,Email,False,14,2024-04
CUST-02450,2024-04-05,Monthly,Consumer,Paid Search,True,9,2024-04
CUST-02451,2025-03-04,Quarterly,Small Business,Social,False,5,2025-03
CUST-02452,2024-11-28,Monthly,Small Business,Organic,False,1,2024-11
CUST-02453,2025-01-02,Monthly,Consumer,Email,False,7,2025-01
CUST-02454,2025-03-17,Monthly,Consumer,Email,True,7,2025-03
CUST-02455,2024-12-26,Monthly,Small Business,Organic,False,2,2024-12
CUST-02456,2024-10-05,Monthly,Small Business,Organic,False,17,2024-10
CUST-02457,2024-12-14,Quarterly,Consumer,Email,False,11,2024-12
CUST-02458,2024-03-04,Quarterly,Small Business,Organic,False,14,2024-03
CUST-02459,2024-01-17,Monthly,Consumer,Paid Search,True,10,2024-01
CUST-02460,2025-04-19,Quarterly,Consumer,Organic,False,4,2025-04
CUST-02461,2025-03-25,Monthly,Small Business,Organic,True,5,2025-03
CUST-02462,2024-06-09,Monthly,Consumer,Social,False,3,2024-06
CUST-02463,2025-06-14,Monthly,Consumer,Social,False,13,2025-06
CUST-02464,2025-02-28,Monthly,Consumer,Paid Search,True,7,2025-02
CUST-02465,2024-11-30,Monthly,Consumer,Paid Search,False,9,2024-11
CUST-02466,2024-09-06,Monthly,Small Business,Organic,False,1,2024-09
CUST-02467,2024-04-07,Monthly,Small Business,Organic,True,10,2024-04
CUST-02468,2025-04-13,Monthly,Small Business,Organic,False,7,2025-04
CUST-02469,2024-06-12,Quarterly,Consumer,Paid Search,True,11,2024-06
CUST-02470,2024-05-02,Quarterly,Enterprise,Social,False,16,2024-05
CUST-02471,2025-05-15,Monthly,Small Business,Organic,False,8,2025-05
CUST-02472,2025-01-07,Quarterly,Small Business,Organic,False,16,2025-01
CUST-02473,2024-08-23,Monthly,Consumer,Email,True,2,2024-08
CUST-02474,2025-02-09,Monthly,Small Business,Referral,True,10,2025-02
CUST-02475,2025-04-13,Annual,Consumer,Email,False,22,2025-04
CUST-02476,2025-02-17,Quarterly,Consumer,Email,False,11,2025-02
CUST-02477,2025-06-30,Monthly,Consumer,Social,False,1,2025-06
CUST-02478,2024-02-01,Monthly,Small Business,Email,False,9,2024-02
CUST-02479,2024-12-06,Quarterly,Small Business,Social,False,11,2024-12
CUST-02480,2024-02-13,Monthly,Consumer,Paid Search,False,12,2024-02
CUST-02481,2024-01-28,Quarterly,Consumer,Referral,False,11,2024-01
CUST-02482,2024-01-18,Monthly,Consumer,Organic,False,1,2024-01
CUST-02483,2024-08-19,Monthly,Small Business,Social,False,12,2024-08
CUST-02484,2024-01-17,Monthly,Small Business,Social,True,2,2024-01
CUST-02485,2024-09-16,Monthly,Consumer,Referral,True,4,2024-09
CUST-02486,2024-07-23,Monthly,Consumer,Organic,False,1,2024-07
CUST-02487,2024-06-01,Monthly,Consumer,Paid Search,True,4,2024-06
CUST-02488,2024-06-04,Monthly,Small Business,Organic,False,1,2024-06
CUST-02489,2025-06-01,Monthly,Consumer,Email,True,8,2025-06
CUST-02490,2024-11-21,Monthly,Consumer,Organic,True,3,2024-11
CUST-02491,2024-06-24,Monthly,Consumer,Social,True,4,2024-06
CUST-02492,2025-02-06,Monthly,Enterprise,Social,True,4,2025-02
CUST-02493,2024-11-24,Quarterly,Consumer,Paid Search,False,10,2024-11
CUST-02494,2024-09-01,Quarterly,Consumer,Organic,False,13,2024-09
CUST-02495,2024-06-25,Quarterly,Consumer,Referral,False,19,2024-06
CUST-02496,2024-09-03,Monthly,Consumer,Referral,False,1,2024-09
CUST-02497,2024-11-19,Quarterly,Small Business,Referral,False,15,2024-11
CUST-02498,2024-09-10,Quarterly,Small Business,Organic,False,22,2024-09
CUST-02499,2024-04-27,Quarterly,Small Business,Email,False,6,2024-04
CUST-02500,2024-03-31,Monthly,Consumer,Social,False,2,2024-03
CUST-02501,2024-08-04,Annual,Enterprise,Referral,False,11,2024-08
CUST-02502,2025-06-21,Monthly,Consumer,Email,False,18,2025-06
CUST-02503,2024-11-19,Annual,Small Business,Social,False,12,2024-11
CUST-02504,2025-06-05,Quarterly,Consumer,Paid Search,False,9,2025-06
CUST-02505,2025-02-26,Monthly,Consumer,Paid Search,True,6,2025-02
CUST-02506,2025-01-14,Monthly,Consumer,Paid Search,True,7,2025-01
CUST-02507,2024-11-13,Monthly,Consumer,Social,False,5,2024-11
CUST-02508,2024-02-11,Monthly,Small Business,Paid Search,False,9,2024-02
CUST-02509,2025-01-23,Quarterly,Small Business,Social,False,10,2025-01
CUST-02510,2025-05-20,Quarterly,Consumer,Social,False,16,2025-05
CUST-02511,2025-01-05,Monthly,Consumer,Paid Search,False,4,2025-01
CUST-02512,2024-02-17,Annual,Small Business,Paid Search,False,21,2024-02
CUST-02513,2024-01-19,Monthly,Small Business,Email,True,4,2024-01
CUST-02514,2024-04-01,Monthly,Consumer,Social,False,9,2024-04
CUST-02515,2024-03-19,Monthly,Small Business,Referral,False,7,2024-03
CUST-02516,2024-06-04,Monthly,Enterprise,Referral,False,1,2024-06
CUST-02517,2025-04-12,Monthly,Enterprise,Social,False,13,2025-04
CUST-02518,2024-12-29,Quarterly,Small Business,Organic,False,14,2024-12
CUST-02519,2025-04-10,Monthly,Small Business,Social,False,2,2025-04
CUST-02520,2024-09-28,Monthly,Small Business,Social,True,1,2024-09
CUST-02521,2024-12-08,Monthly,Small Business,Organic,True,11,2024-12
CUST-02522,2024-05-09,Quarterly,Consumer,Social,False,20,2024-05
CUST-02523,2025-02-11,Monthly,Consumer,Social,False,5,2025-02
CUST-02524,2024-03-18,Monthly,Enterprise,Email,True,10,2024-03
CUST-02525,2024-11-16,Monthly,Enterprise,Paid Search,True,10,2024-11
CUST-02526,2025-04-19,Quarterly,Consumer,Email,False,11,2025-04
CUST-02527,2024-06-20,Quarterly,Consumer,Social,False,13,2024-06
CUST-02528,2024-04-02,Monthly,Enterprise,Referral,True,2,2024-04
CUST-02529,2024-10-20,Quarterly,Small Business,Social,False,7,2024-10
CUST-02530,2025-02-20,Monthly,Small Business,Organic,True,6,2025-02
CUST-02531,2024-10-13,Annual,Consumer,Paid Search,False,12,2024-10
CUST-02532,2025-03-18,Annual,Consumer,Social,False,22,2025-03
CUST-02533,2024-02-14,Monthly,Consumer,Email,True,1,2024-02
CUST-02534,2024-05-02,Monthly,Small Business,Referral,False,2,2024-05
CUST-02535,2024-08-01,Quarterly,Small Business,Organic,False,13,2024-08
CUST-02536,2024-02-09,Monthly,Small Business,Referral,False,7,2024-02
CUST-02537,2024-06-30,Monthly,Small Business,Organic,False,4,2024-06
CUST-02538,2024-07-14,Monthly,Small Business,Paid Search,False,6,2024-07
CUST-02539,2025-03-22,Monthly,Consumer,Paid Search,True,1,2025-03
CUST-02540,2024-05-18,Monthly,Consumer,Social,False,10,2024-05
CUST-02541,2024-03-10,Annual,Consumer,Referral,False,23,2024-03
CUST-02542,2024-09-08,Annual,Small Business,Organic,False,30,2024-09
CUST-02543,2024-12-01,Annual,Small Business,Email,False,30,2024-12
CUST-02544,2024-06-13,Monthly,Enterprise,Referral,True,5,2024-06
CUST-02545,2024-06-24,Monthly,Enterprise,Referral,False,7,2024-06
CUST-02546,2024-10-05,Quarterly,Small Business,Email,True,12,2024-10
CUST-02547,2025-06-02,Annual,Consumer,Paid Search,False,23,2025-06
CUST-02548,2025-04-02,Monthly,Consumer,Organic,False,1,2025-04
CUST-02549,2025-04-26,Quarterly,Consumer,Referral,False,10,2025-04
CUST-02550,2024-02-22,Monthly,Consumer,Email,True,5,2024-02
CUST-02551,2025-01-25,Monthly,Consumer,Referral,True,8,2025-01
CUST-02552,2024-06-04,Monthly,Small Business,Referral,False,12,2024-06
CUST-02553,2025-06-04,Monthly,Consumer,Email,False,5,2025-06
CUST-02554,2024-10-21,Monthly,Small Business,Referral,False,11,2024-10
CUST-02555,2025-06-18,Annual,Small Business,Paid Search,False,13,2025-06
CUST-02556,2024-06-04,Monthly,Small Business,Social,False,1,2024-06
CUST-02557,2024-08-25,Monthly,Consumer,Social,False,1,2024-08
CUST-02558,2025-01-16,Quarterly,Small Business,Email,False,24,2025-01
CUST-02559,2024-10-19,Quarterly,Consumer,Organic,False,16,2024-10
CUST-02560,2024-10-22,Monthly,Consumer,Referral,True,10,2024-10
CUST-02561,2025-04-07,Monthly,Consumer,Organic,True,4,2025-04
CUST-02562,2025-06-04,Quarterly,Small Business,Referral,False,18,2025-06
CUST-02563,2024-12-23,Monthly,Small Business,Paid Search,False,1,2024-12
CUST-02564,2024-12-17,Annual,Small Business,Email,False,16,2024-12
CUST-02565,2024-09-01,Monthly,Consumer,Social,False,2,2024-09
CUST-02566,2025-04-24,Monthly,Consumer,Organic,False,2,2025-04
CUST-02567,2024-10-28,Monthly,Consumer,Social,True,2,2024-10
CUST-02568,2024-06-27,Monthly,Consumer,Organic,True,1,2024-06
CUST-02569,2024-06-18,Annual,Small Business,Social,False,18,2024-06
CUST-02570,2024-11-12,Monthly,Enterprise,Referral,False,7,2024-11
CUST-02571,2024-09-25,Monthly,Small Business,Organic,True,2,2024-09
CUST-02572,2025-03-03,Monthly,Consumer,Paid Search,False,7,2025-03
CUST-02573,2024-08-03,Monthly,Small Business,Organic,False,4,2024-08
CUST-02574,2025-04-26,Annual,Small Business,Organic,False,15,2025-04
CUST-02575,2024-09-13,Monthly,Consumer,Referral,False,1,2024-09
CUST-02576,2024-07-06,Monthly,Small Business,Organic,False,3,2024-07
CUST-02577,2025-02-03,Monthly,Small Business,Organic,False,12,2025-02
CUST-02578,2025-05-03,Monthly,Small Business,Organic,True,5,2025-05
CUST-02579,2024-12-10,Annual,Small Business,Social,True,19,2024-12
CUST-02580,2024-10-22,Annual,Consumer,Referral,True,27,2024-10
CUST-02581,2024-05-14,Monthly,Consumer,Email,False,9,2024-05
CUST-02582,2024-09-15,Monthly,Small Business,Referral,False,1,2024-09
CUST-02583,2024-12-28,Monthly,Consumer,Paid Search,False,5,2024-12
CUST-02584,2025-03-10,Quarterly,Enterprise,Social,False,15,2025-03
CUST-02585,2025-04-27,Monthly,Enterprise,Organic,True,2,2025-04
CUST-02586,2025-03-05,Monthly,Small Business,Organic,True,1,2025-03
CUST-02587,2025-06-28,Quarterly,Enterprise,Paid Search,False,14,2025-06
CUST-02588,2024-08-28,Monthly,Consumer,Email,True,8,2024-08
CUST-02589,2025-04-12,Quarterly,Consumer,Referral,False,5,2025-04
CUST-02590,2025-01-08,Monthly,Consumer,Social,False,8,2025-01
CUST-02591,2025-03-25,Quarterly,Consumer,Organic,True,17,2025-03
CUST-02592,2024-09-11,Quarterly,Consumer,Organic,False,13,2024-09
CUST-02593,2024-05-05,Quarterly,Consumer,Social,False,16,2024-05
CUST-02594,2025-01-02,Annual,Consumer,Organic,False,18,2025-01
CUST-02595,2025-03-31,Annual,Consumer,Paid Search,False,19,2025-03
CUST-02596,2025-02-03,Annual,Small Business,Referral,False,24,2025-02
CUST-02597,2024-07-04,Annual,Consumer,Paid Search,False,19,2024-07
CUST-02598,2025-02-17,Monthly,Consumer,Email,False,1,2025-02
CUST-02599,2025-02-23,Quarterly,Small Business,Email,False,11,2025-02
CUST-02600,2025-03-25,Quarterly,Consumer,Social,False,13,2025-03
CUST-02601,2024-12-31,Annual,Small Business,Email,False,33,2024-12
CUST-02602,2025-03-24,Quarterly,Small Business,Referral,False,15,2025-03
CUST-02603,2024-10-09,Monthly,Consumer,Paid Search,False,5,2024-10
CUST-02604,2024-11-11,Monthly,Consumer,Referral,False,12,2024-11
CUST-02605,2024-03-19,Quarterly,Consumer,Paid Search,False,8,2024-03
CUST-02606,2024-07-15,Monthly,Consumer,Organic,False,3,2024-07
CUST-02607,2025-04-13,Quarterly,Small Business,Email,False,13,2025-04
CUST-02608,2024-06-13,Quarterly,Enterprise,Paid Search,False,10,2024-06
CUST-02609,2024-11-25,Annual,Small Business,Organic,False,28,2024-11
CUST-02610,2024-06-16,Monthly,Small Business,Paid Search,False,1,2024-06
CUST-02611,2025-03-02,Monthly,Consumer,Referral,False,7,2025-03
CUST-02612,2024-09-03,Monthly,Consumer,Organic,True,6,2024-09
CUST-02613,2024-08-08,Monthly,Small Business,Email,False,2,2024-08
CUST-02614,2024-03-26,Monthly,Consumer,Organic,False,9,2024-03
CUST-02615,2024-07-23,Monthly,Consumer,Organic,False,10,2024-07
CUST-02616,2024-11-04,Quarterly,Consumer,Paid Search,False,13,2024-11
CUST-02617,2024-01-11,Monthly,Enterprise,Paid Search,False,12,2024-01
CUST-02618,2025-06-01,Monthly,Consumer,Email,False,1,2025-06
CUST-02619,2024-01-08,Annual,Small Business,Email,False,21,2024-01
CUST-02620,2025-02-25,Monthly,Small Business,Organic,True,5,2025-02
CUST-02621,2024-07-30,Annual,Enterprise,Organic,False,25,2024-07
CUST-02622,2024-12-12,Annual,Enterprise,Organic,False,23,2024-12
CUST-02623,2025-02-23,Annual,Enterprise,Email,False,29,2025-02
CUST-02624,2024-04-21,Quarterly,Consumer,Email,False,14,2024-04
CUST-02625,2025-03-03,Annual,Small Business,Referral,False,20,2025-03
CUST-02626,2025-01-14,Quarterly,Consumer,Paid Search,False,7,2025-01
CUST-02627,2024-09-14,Monthly,Consumer,Email,True,15,2024-09
CUST-02628,2024-03-05,Monthly,Consumer,Referral,False,6,2024-03
CUST-02629,2024-06-21,Quarterly,Enterprise,Paid Search,False,16,2024-06
CUST-02630,2025-01-22,Monthly,Consumer,Referral,False,6,2025-01
CUST-02631,2024-07-31,Monthly,Small Business,Paid Search,False,4,2024-07
CUST-02632,2025-05-23,Quarterly,Small Business,Social,False,8,2025-05
CUST-02633,2025-03-12,Quarterly,Enterprise,Organic,False,13,2025-03
CUST-02634,2024-09-28,Monthly,Consumer,Social,True,11,2024-09
CUST-02635,2024-11-17,Monthly,Consumer,Email,True,6,2024-11
CUST-02636,2024-08-22,Quarterly,Consumer,Email,False,13,2024-08
CUST-02637,2024-04-09,Monthly,Small Business,Organic,True,11,2024-04
CUST-02638,2025-01-29,Annual,Consumer,Paid Search,False,18,2025-01
CUST-02639,2024-07-15,Monthly,Small Business,Email,True,5,2024-07
CUST-02640,2024-03-20,Monthly,Consumer,Referral,False,7,2024-03
CUST-02641,2025-06-28,Monthly,Consumer,Referral,False,3,2025-06
CUST-02642,2024-02-11,Monthly,Consumer,Paid Search,False,7,2024-02
CUST-02643,2025-04-03,Annual,Consumer,Organic,True,23,2025-04
CUST-02644,2025-06-07,Monthly,Consumer,Email,False,6,2025-06
CUST-02645,2025-04-02,Monthly,Small Business,Organic,True,6,2025-04
CUST-02646,2025-01-13,Monthly,Small Business,Social,True,13,2025-01
CUST-02647,2025-03-22,Monthly,Consumer,Paid Search,True,6,2025-03
CUST-02648,2025-01-01,Annual,Consumer,Email,False,21,2025-01
CUST-02649,2024-12-28,Annual,Small Business,Paid Search,False,18,2024-12
CUST-02650,2025-06-26,Monthly,Consumer,Social,False,7,2025-06
CUST-02651,2024-05-14,Monthly,Small Business,Referral,True,6,2024-05
CUST-02652,2024-04-09,Monthly,Consumer,Paid Search,True,2,2024-04
CUST-02653,2024-07-10,Monthly,Enterprise,Paid Search,True,6,2024-07
CUST-02654,2024-09-20,Quarterly,Small Business,Referral,False,9,2024-09
CUST-02655,2024-07-13,Quarterly,Consumer,Social,False,11,2024-07
CUST-02656,2025-04-06,Monthly,Small Business,Referral,True,16,2025-04
CUST-02657,2024-03-27,Quarterly,Small Business,Referral,False,12,2024-03
CUST-02658,2024-04-20,Annual,Enterprise,Email,False,32,2024-04
CUST-02659,2024-10-23,Quarterly,Small Business,Social,False,7,2024-10
CUST-02660,2025-06-21,Monthly,Enterprise,Email,True,2,2025-06
CUST-02661,2025-03-05,Monthly,Enterprise,Paid Search,False,1,2025-03
CUST-02662,2024-10-05,Monthly,Consumer,Paid Search,True,7,2024-10
CUST-02663,2025-06-25,Annual,Consumer,Paid Search,False,26,2025-06
CUST-02664,2024-02-26,Monthly,Enterprise,Referral,False,4,2024-02
CUST-02665,2024-12-23,Monthly,Consumer,Organic,True,11,2024-12
CUST-02666,2024-04-10,Monthly,Consumer,Paid Search,False,7,2024-04
CUST-02667,2024-01-29,Quarterly,Consumer,Paid Search,False,18,2024-01
CUST-02668,2025-05-30,Monthly,Consumer,Referral,True,6,2025-05
CUST-02669,2024-01-20,Monthly,Consumer,Social,False,13,2024-01
CUST-02670,2025-05-19,Monthly,Consumer,Email,False,11,2025-05
CUST-02671,2024-10-27,Annual,Consumer,Paid Search,True,13,2024-10
CUST-02672,2025-06-10,Monthly,Consumer,Email,False,7,2025-06
CUST-02673,2024-12-10,Monthly,Consumer,Organic,False,7,2024-12
CUST-02674,2024-02-29,Quarterly,Consumer,Email,False,11,2024-02
CUST-02675,2025-01-25,Monthly,Consumer,Referral,False,8,2025-01
CUST-02676,2024-12-26,Monthly,Consumer,Organic,False,7,2024-12
CUST-02677,2025-03-24,Monthly,Consumer,Organic,True,7,2025-03
CUST-02678,2024-05-09,Monthly,Consumer,Social,False,1,2024-05
CUST-02679,2025-04-16,Annual,Consumer,Email,False,21,2025-04
CUST-02680,2024-12-20,Monthly,Consumer,Referral,False,1,2024-12
CUST-02681,2024-01-30,Quarterly,Consumer,Email,False,14,2024-01
CUST-02682,2024-08-09,Monthly,Consumer,Organic,False,3,2024-08
CUST-02683,2025-02-04,Annual,Small Business,Referral,False,21,2025-02
CUST-02684,2025-05-06,Annual,Consumer,Paid Search,False,26,2025-05
CUST-02685,2024-09-24,Monthly,Consumer,Email,False,1,2024-09
CUST-02686,2024-09-14,Annual,Consumer,Email,False,13,2024-09
CUST-02687,2025-01-24,Monthly,Small Business,Referral,True,1,2025-01
CUST-02688,2024-01-28,Quarterly,Small Business,Referral,False,14,2024-01
CUST-02689,2024-10-06,Monthly,Consumer,Paid Search,True,1,2024-10
CUST-02690,2025-05-16,Annual,Consumer,Organic,True,21,2025-05
CUST-02691,2024-03-01,Annual,Consumer,Social,False,18,2024-03
CUST-02692,2025-03-06,Monthly,Consumer,Email,False,4,2025-03
CUST-02693,2024-01-23,Quarterly,Enterprise,Organic,False,4,2024-01
CUST-02694,2025-02-09,Monthly,Small Business,Email,True,4,2025-02
CUST-02695,2024-07-24,Quarterly,Consumer,Organic,False,5,2024-07
CUST-02696,2024-12-01,Monthly,Small Business,Referral,True,1,2024-12
CUST-02697,2024-02-07,Annual,Consumer,Referral,False,23,2024-02
CUST-02698,2025-01-24,Monthly,Small Business,Organic,False,15,2025-01
CUST-02699,2025-02-28,Monthly,Consumer,Email,False,17,2025-02
CUST-02700,2025-04-18,Monthly,Small Business,Paid Search,False,6,2025-04
CUST-02701,2024-07-29,Monthly,Small Business,Social,True,4,2024-07
CUST-02702,2024-03-13,Quarterly,Consumer,Referral,False,17,2024-03
CUST-02703,2025-05-13,Quarterly,Small Business,Organic,False,18,2025-05
CUST-02704,2025-01-06,Quarterly,Consumer,Referral,True,18,2025-01
CUST-02705,2024-05-24,Annual,Small Business,Referral,False,18,2024-05
CUST-02706,2024-11-08,Quarterly,Small Business,Email,False,15,2024-11
CUST-02707,2024-03-09,Quarterly,Enterprise,Organic,False,12,2024-03
CUST-02708,2024-08-30,Annual,Consumer,Email,False,18,2024-08
CUST-02709,2025-04-18,Monthly,Consumer,Email,False,4,2025-04
CUST-02710,2025-03-15,Annual,Consumer,Email,True,23,2025-03
CUST-02711,2024-02-24,Quarterly,Consumer,Referral,False,10,2024-02
CUST-02712,2024-10-12,Quarterly,Consumer,Email,False,8,2024-10
CUST-02713,2024-01-07,Annual,Enterprise,Paid Search,False,16,2024-01
CUST-02714,2024-10-02,Annual,Consumer,Social,False,23,2024-10
CUST-02715,2024-03-30,Quarterly,Enterprise,Paid Search,True,18,2024-03
CUST-02716,2024-12-20,Quarterly,Consumer,Email,False,11,2024-12
CUST-02717,2025-04-06,Quarterly,Consumer,Social,False,13,2025-04
CUST-02718,2025-06-12,Quarterly,Consumer,Email,False,4,2025-06
CUST-02719,2024-10-04,Monthly,Small Business,Email,False,8,2024-10
CUST-02720,2025-05-21,Quarterly,Consumer,Organic,False,14,2025-05
CUST-02721,2025-01-31,Monthly,Consumer,Email,True,4,2025-01
CUST-02722,2024-08-25,Monthly,Enterprise,Organic,False,10,2024-08
CUST-02723,2025-02-07,Quarterly,Consumer,Social,False,11,2025-02
CUST-02724,2025-05-22,Annual,Consumer,Email,False,11,2025-05
CUST-02725,2024-02-24,Monthly,Consumer,Paid Search,False,19,2024-02
CUST-02726,2025-06-29,Monthly,Enterprise,Paid Search,True,16,2025-06
CUST-02727,2025-02-28,Monthly,Small Business,Social,False,1,2025-02
CUST-02728,2024-10-13,Monthly,Consumer,Email,True,11,2024-10
CUST-02729,2024-06-30,Monthly,Small Business,Referral,False,5,2024-06
CUST-02730,2025-05-07,Monthly,Consumer,Referral,False,6,2025-05
CUST-02731,2024-09-16,Monthly,Small Business,Email,True,13,2024-09
CUST-02732,2025-06-14,Annual,Consumer,Paid Search,False,18,2025-06
CUST-02733,2024-10-07,Annual,Consumer,Email,False,24,2024-10
CUST-02734,2025-04-21,Quarterly,Consumer,Organic,False,11,2025-04
CUST-02735,2024-08-30,Quarterly,Consumer,Email,False,6,2024-08
CUST-02736,2024-11-17,Monthly,Small Business,Paid Search,False,1,2024-11
CUST-02737,2025-02-12,Monthly,Small Business,Organic,False,12,2025-02
CUST-02738,2025-02-23,Quarterly,Small Business,Referral,False,10,2025-02
CUST-02739,2024-04-24,Monthly,Small Business,Referral,False,6,2024-04
CUST-02740,2025-01-15,Quarterly,Consumer,Organic,False,2,2025-01
CUST-02741,2024-01-01,Monthly,Small Business,Paid Search,True,3,2024-01
CUST-02742,2024-10-25,Quarterly,Consumer,Social,False,9,2024-10
CUST-02743,2024-10-23,Monthly,Consumer,Email,False,14,2024-10
CUST-02744,2024-11-30,Monthly,Consumer,Paid Search,False,8,2024-11
CUST-02745,2024-05-16,Monthly,Small Business,Email,True,9,2024-05
CUST-02746,2024-06-15,Monthly,Small Business,Paid Search,False,2,2024-06
CUST-02747,2024-03-05,Quarterly,Small Business,Social,False,12,2024-03
CUST-02748,2024-04-24,Quarterly,Small Business,Paid Search,False,11,2024-04
CUST-02749,2024-12-07,Annual,Consumer,Email,False,11,2024-12
CUST-02750,2024-03-20,Annual,Consumer,Paid Search,False,10,2024-03
CUST-02751,2024-07-20,Monthly,Small Business,Social,False,7,2024-07
CUST-02752,2024-01-18,Monthly,Small Business,Referral,False,9,2024-01
CUST-02753,2025-05-02,Monthly,Enterprise,Referral,True,6,2025-05
CUST-02754,2024-09-25,Monthly,Consumer,Referral,True,7,2024-09
CUST-02755,2024-06-12,Annual,Consumer,Paid Search,False,20,2024-06
CUST-02756,2025-01-09,Monthly,Small Business,Social,True,6,2025-01
CUST-02757,2025-05-12,Monthly,Small Business,Email,False,2,2025-05
CUST-02758,2024-04-25,Monthly,Small Business,Social,False,1,2024-04
CUST-02759,2024-08-05,Monthly,Enterprise,Referral,False,10,2024-08
CUST-02760,2025-03-09,Monthly,Enterprise,Email,False,11,2025-03
CUST-02761,2024-08-26,Monthly,Small Business,Referral,False,8,2024-08
CUST-02762,2024-06-23,Quarterly,Consumer,Social,False,16,2024-06
CUST-02763,2024-12-04,Monthly,Consumer,Email,False,5,2024-12
CUST-02764,2024-07-22,Monthly,Small Business,Email,False,1,2024-07
CUST-02765,2025-03-22,Annual,Consumer,Organic,False,21,2025-03
CUST-02766,2024-02-16,Annual,Consumer,Paid Search,False,25,2024-02
CUST-02767,2025-02-19,Monthly,Consumer,Social,False,9,2025-02
CUST-02768,2024-04-05,Quarterly,Consumer,Organic,True,15,2024-04
CUST-02769,2024-02-01,Monthly,Consumer,Referral,False,6,2024-02
CUST-02770,2024-07-19,Monthly,Consumer,Referral,True,5,2024-07
CUST-02771,2024-09-19,Monthly,Small Business,Paid Search,False,2,2024-09
CUST-02772,2025-01-25,Monthly,Small Business,Social,False,1,2025-01
CUST-02773,2024-01-03,Quarterly,Consumer,Referral,False,12,2024-01
CUST-02774,2025-02-11,Monthly,Small Business,Email,False,17,2025-02
CUST-02775,2024-02-21,Monthly,Small Business,Referral,True,5,2024-02
CUST-02776,2024-11-26,Annual,Consumer,Email,True,17,2024-11
CUST-02777,2024-07-28,Monthly,Small Business,Organic,False,1,2024-07
CUST-02778,2025-05-14,Monthly,Small Business,Organic,False,14,2025-05
CUST-02779,2025-04-13,Monthly,Consumer,Referral,False,13,2025-04
CUST-02780,2024-03-30,Monthly,Consumer,Organic,False,12,2024-03
CUST-02781,2024-05-17,Quarterly,Consumer,Email,False,6,2024-05
CUST-02782,2024-12-27,Monthly,Small Business,Paid Search,True,6,2024-12
CUST-02783,2024-07-31,Quarterly,Consumer,Social,True,10,2024-07
CUST-02784,2025-02-26,Monthly,Small Business,Email,True,1,2025-02
CUST-02785,2025-01-05,Quarterly,Small Business,Referral,False,9,2025-01
CUST-02786,2025-06-26,Monthly,Consumer,Social,False,6,2025-06
CUST-02787,2025-05-05,Quarterly,Enterprise,Referral,False,5,2025-05
CUST-02788,2025-03-22,Monthly,Enterprise,Email,False,1,2025-03
CUST-02789,2024-06-18,Monthly,Small Business,Referral,False,1,2024-06
CUST-02790,2024-08-19,Monthly,Consumer,Paid Search,False,1,2024-08
CUST-02791,2024-10-01,Monthly,Small Business,Email,False,5,2024-10
CUST-02792,2025-04-23,Monthly,Small Business,Social,False,1,2025-04
CUST-02793,2024-03-06,Monthly,Consumer,Email,True,14,2024-03
CUST-02794,2024-11-23,Monthly,Consumer,Social,False,12,2024-11
CUST-02795,2024-11-22,Quarterly,Small Business,Social,False,13,2024-11
CUST-02796,2025-01-16,Monthly,Consumer,Email,True,7,2025-01
CUST-02797,2025-02-22,Annual,Enterprise,Referral,False,20,2025-02
CUST-02798,2024-06-10,Annual,Consumer,Organic,True,16,2024-06
CUST-02799,2024-01-02,Annual,Consumer,Social,False,18,2024-01
CUST-02800,2024-02-06,Monthly,Consumer,Paid Search,False,6,2024-02
CUST-02801,2024-04-06,Monthly,Consumer,Organic,True,4,2024-04
CUST-02802,2024-07-06,Quarterly,Small Business,Organic,False,10,2024-07
CUST-02803,2025-05-02,Monthly,Consumer,Referral,False,9,2025-05
CUST-02804,2025-02-13,Monthly,Consumer,Referral,False,1,2025-02
CUST-02805,2025-04-28,Quarterly,Consumer,Organic,False,8,2025-04
CUST-02806,2024-07-02,Monthly,Consumer,Email,True,1,2024-07
CUST-02807,2024-05-10,Monthly,Consumer,Email,False,10,2024-05
CUST-02808,2025-01-25,Quarterly,Small Business,Paid Search,False,6,2025-01
CUST-02809,2025-06-14,Monthly,Small Business,Paid Search,True,4,2025-06
CUST-02810,2024-07-14,Monthly,Small Business,Referral,True,7,2024-07
CUST-02811,2024-11-18,Quarterly,Consumer,Referral,False,7,2024-11
CUST-02812,2024-03-17,Monthly,Consumer,Social,False,1,2024-03
CUST-02813,2024-03-07,Annual,Enterprise,Paid Search,False,25,2024-03
CUST-02814,2024-08-31,Annual,Consumer,Organic,False,17,2024-08
CUST-02815,2024-10-30,Monthly,Small Business,Paid Search,False,12,2024-10
CUST-02816,2025-03-24,Quarterly,Small Business,Organic,False,15,2025-03
CUST-02817,2024-03-17,Quarterly,Consumer,Organic,False,5,2024-03
CUST-02818,2024-05-14,Monthly,Small Business,Organic,True,11,2024-05
CUST-02819,2024-09-11,Quarterly,Small Business,Organic,False,2,2024-09
CUST-02820,2024-02-15,Monthly,Consumer,Organic,False,1,2024-02
CUST-02821,2024-01-04,Monthly,Consumer,Referral,False,1,2024-01
CUST-02822,2024-09-18,Monthly,Small Business,Referral,False,16,2024-09
CUST-02823,2024-05-31,Monthly,Consumer,Referral,False,4,2024-05
CUST-02824,2024-12-26,Monthly,Small Business,Referral,False,6,2024-12
CUST-02825,2024-07-28,Monthly,Consumer,Social,True,3,2024-07
CUST-02826,2025-03-27,Monthly,Consumer,Social,False,13,2025-03
CUST-02827,2025-04-20,Quarterly,Consumer,Paid Search,True,6,2025-04
CUST-02828,2025-01-31,Monthly,Small Business,Organic,True,4,2025-01
CUST-02829,2024-09-30,Monthly,Small Business,Email,False,3,2024-09
CUST-02830,2024-08-29,Annual,Small Business,Referral,False,19,2024-08
CUST-02831,2025-04-28,Monthly,Small Business,Paid Search,True,7,2025-04
CUST-02832,2024-12-30,Quarterly,Consumer,Email,False,5,2024-12
CUST-02833,2025-01-09,Annual,Small Business,Organic,False,16,2025-01
CUST-02834,2025-03-18,Quarterly,Consumer,Referral,False,26,2025-03
CUST-02835,2024-04-02,Quarterly,Consumer,Paid Search,True,15,2024-04
CUST-02836,2025-02-04,Annual,Small Business,Paid Search,False,17,2025-02
CUST-02837,2024-03-04,Annual,Enterprise,Social,False,13,2024-03
CUST-02838,2025-06-02,Monthly,Consumer,Email,False,6,2025-06
CUST-02839,2024-04-07,Annual,Consumer,Referral,False,17,2024-04
CUST-02840,2025-02-14,Annual,Enterprise,Referral,False,22,2025-02
CUST-02841,2024-11-23,Quarterly,Small Business,Email,False,10,2024-11
CUST-02842,2024-01-31,Monthly,Consumer,Email,True,9,2024-01
CUST-02843,2024-11-12,Quarterly,Consumer,Paid Search,False,9,2024-11
CUST-02844,2024-11-10,Monthly,Consumer,Paid Search,False,5,2024-11
CUST-02845,2024-06-25,Quarterly,Small Business,Email,False,7,2024-06
CUST-02846,2024-11-27,Monthly,Consumer,Social,True,3,2024-11
CUST-02847,2025-06-18,Monthly,Consumer,Referral,False,14,2025-06
CUST-02848,2024-09-01,Quarterly,Small Business,Paid Search,False,8,2024-09
CUST-02849,2024-10-16,Monthly,Consumer,Paid Search,False,10,2024-10
CUST-02850,2025-02-08,Annual,Consumer,Social,False,18,2025-02
CUST-02851,2025-06-08,Annual,Consumer,Referral,False,20,2025-06
CUST-02852,2024-05-29,Quarterly,Small Business,Paid Search,False,18,2024-05
CUST-02853,2025-03-03,Annual,Small Business,Email,False,26,2025-03
CUST-02854,2025-04-12,Monthly,Consumer,Paid Search,False,5,2025-04
CUST-02855,2025-06-10,Monthly,Consumer,Social,False,2,2025-06
CUST-02856,2025-03-29,Monthly,Enterprise,Referral,False,11,2025-03
CUST-02857,2024-03-23,Quarterly,Enterprise,Organic,False,11,2024-03
CUST-02858,2025-03-24,Monthly,Small Business,Social,True,1,2025-03
CUST-02859,2025-04-08,Monthly,Enterprise,Email,False,6,2025-04
CUST-02860,2025-01-19,Monthly,Consumer,Organic,False,2,2025-01
CUST-02861,2024-03-15,Monthly,Consumer,Organic,True,7,2024-03
CUST-02862,2024-06-19,Monthly,Consumer,Organic,True,4,2024-06
CUST-02863,2024-08-15,Monthly,Consumer,Email,False,5,2024-08
CUST-02864,2024-03-02,Annual,Small Business,Referral,False,22,2024-03
CUST-02865,2024-05-12,Monthly,Consumer,Email,False,2,2024-05
CUST-02866,2024-11-01,Monthly,Small Business,Social,False,3,2024-11
CUST-02867,2024-11-23,Quarterly,Consumer,Paid Search,False,23,2024-11
CUST-02868,2024-07-11,Quarterly,Consumer,Organic,False,18,2024-07
CUST-02869,2025-06-15,Quarterly,Enterprise,Organic,True,3,2025-06
CUST-02870,2024-10-27,Monthly,Consumer,Social,False,4,2024-10
CUST-02871,2024-07-20,Monthly,Consumer,Organic,False,1,2024-07
CUST-02872,2024-02-01,Annual,Small Business,Email,False,20,2024-02
CUST-02873,2024-07-09,Monthly,Consumer,Social,True,12,2024-07
CUST-02874,2024-06-28,Annual,Consumer,Paid Search,False,12,2024-06
CUST-02875,2024-01-23,Annual,Consumer,Organic,False,22,2024-01
CUST-02876,2024-05-15,Monthly,Consumer,Email,False,1,2024-05
CUST-02877,2025-01-08,Monthly,Enterprise,Email,False,4,2025-01
CUST-02878,2024-10-03,Quarterly,Small Business,Organic,False,16,2024-10
CUST-02879,2024-05-11,Monthly,Consumer,Email,False,5,2024-05
CUST-02880,2025-03-14,Monthly,Small Business,Paid Search,False,1,2025-03
CUST-02881,2024-02-20,Annual,Consumer,Referral,False,18,2024-02
CUST-02882,2025-03-18,Monthly,Small Business,Referral,False,1,2025-03
CUST-02883,2024-11-21,Monthly,Enterprise,Paid Search,False,7,2024-11
CUST-02884,2024-11-28,Monthly,Small Business,Paid Search,False,4,2024-11
CUST-02885,2025-03-16,Monthly,Consumer,Referral,False,6,2025-03
CUST-02886,2024-05-20,Monthly,Small Business,Paid Search,False,3,2024-05
CUST-02887,2024-04-19,Monthly,Small Business,Organic,False,7,2024-04
CUST-02888,2024-11-14,Monthly,Consumer,Organic,False,1,2024-11
CUST-02889,2024-02-15,Monthly,Consumer,Organic,False,8,2024-02
CUST-02890,2025-03-11,Quarterly,Consumer,Paid Search,False,17,2025-03
CUST-02891,2025-01-05,Quarterly,Small Business,Email,True,4,2025-01
CUST-02892,2025-05-28,Quarterly,Enterprise,Paid Search,False,19,2025-05
CUST-02893,2025-04-05,Annual,Small Business,Paid Search,False,15,2025-04
CUST-02894,2024-09-21,Monthly,Consumer,Referral,False,6,2024-09
CUST-02895,2024-03-03,Monthly,Consumer,Organic,False,1,2024-03
CUST-02896,2025-06-16,Quarterly,Consumer,Social,False,10,2025-06
CUST-02897,2024-05-14,Quarterly,Consumer,Social,False,15,2024-05
CUST-02898,2024-03-09,Monthly,Consumer,Organic,False,4,2024-03
CUST-02899,2025-05-10,Quarterly,Small Business,Email,True,4,2025-05
CUST-02900,2024-09-19,Monthly,Consumer,Organic,False,7,2024-09
CUST-02901,2025-03-04,Quarterly,Consumer,Paid Search,True,18,2025-03
CUST-02902,2025-01-29,Monthly,Consumer,Paid Search,False,1,2025-01
CUST-02903,2024-06-10,Monthly,Small Business,Paid Search,False,4,2024-06
CUST-02904,2024-06-04,Quarterly,Consumer,Social,False,14,2024-06
CUST-02905,2024-04-30,Quarterly,Small Business,Organic,True,8,2024-04
CUST-02906,2024-11-07,Annual,Small Business,Organic,False,12,2024-11
CUST-02907,2024-05-29,Annual,Consumer,Email,False,25,2024-05
CUST-02908,2025-05-28,Quarterly,Consumer,Email,False,14,2025-05
CUST-02909,2025-06-02,Monthly,Consumer,Organic,False,14,2025-06
CUST-02910,2024-12-16,Monthly,Consumer,Paid Search,False,2,2024-12
CUST-02911,2024-07-05,Monthly,Consumer,Social,False,10,2024-07
CUST-02912,2024-02-21,Monthly,Consumer,Referral,True,6,2024-02
CUST-02913,2024-05-12,Monthly,Enterprise,Paid Search,False,9,2024-05
CUST-02914,2024-07-13,Annual,Consumer,Organic,False,23,2024-07
CUST-02915,2024-10-29,Annual,Small Business,Organic,False,20,2024-10
CUST-02916,2025-04-13,Monthly,Consumer,Organic,True,4,2025-04
CUST-02917,2025-06-17,Monthly,Consumer,Paid Search,True,17,2025-06
CUST-02918,2024-08-18,Monthly,Consumer,Social,False,6,2024-08
CUST-02919,2025-04-23,Monthly,Consumer,Organic,True,3,2025-04
CUST-02920,2024-02-22,Monthly,Small Business,Organic,False,1,2024-02
CUST-02921,2025-04-08,Monthly,Small Business,Organic,True,1,2025-04
CUST-02922,2024-01-21,Monthly,Consumer,Social,True,14,2024-01
CUST-02923,2025-06-23,Monthly,Enterprise,Organic,False,10,2025-06
CUST-02924,2025-06-15,Monthly,Consumer,Paid Search,False,9,2025-06
CUST-02925,2025-01-30,Annual,Small Business,Organic,False,21,2025-01
CUST-02926,2025-05-18,Monthly,Small Business,Social,False,1,2025-05
CUST-02927,2024-08-07,Monthly,Consumer,Organic,True,4,2024-08
CUST-02928,2024-02-01,Quarterly,Enterprise,Referral,False,15,2024-02
CUST-02929,2025-06-08,Annual,Consumer,Referral,False,19,2025-06
CUST-02930,2025-02-03,Monthly,Small Business,Social,True,2,2025-02
CUST-02931,2025-06-13,Quarterly,Consumer,Email,False,15,2025-06
CUST-02932,2024-02-29,Quarterly,Enterprise,Social,False,12,2024-02
CUST-02933,2024-01-01,Monthly,Small Business,Paid Search,False,9,2024-01
CUST-02934,2025-02-20,Monthly,Small Business,Paid Search,False,1,2025-02
CUST-02935,2024-06-06,Annual,Consumer,Referral,False,15,2024-06
CUST-02936,2024-11-22,Monthly,Consumer,Organic,False,6,2024-11
CUST-02937,2025-02-21,Quarterly,Small Business,Email,False,8,2025-02
CUST-02938,2024-07-30,Monthly,Consumer,Referral,False,9,2024-07
CUST-02939,2024-07-23,Quarterly,Consumer,Referral,False,16,2024-07
CUST-02940,2025-01-25,Monthly,Enterprise,Referral,False,14,2025-01
CUST-02941,2024-10-03,Monthly,Consumer,Email,False,2,2024-10
CUST-02942,2024-05-21,Monthly,Consumer,Social,False,1,2024-05
CUST-02943,2025-04-05,Monthly,Consumer,Organic,False,9,2025-04
CUST-02944,2025-02-03,Annual,Consumer,Social,False,21,2025-02
CUST-02945,2025-05-13,Quarterly,Consumer,Paid Search,False,23,2025-05
CUST-02946,2025-05-06,Monthly,Consumer,Organic,False,7,2025-05
CUST-02947,2024-09-05,Monthly,Consumer,Paid Search,False,15,2024-09
CUST-02948,2025-01-24,Monthly,Enterprise,Social,False,2,2025-01
CUST-02949,2025-04-04,Monthly,Consumer,Social,False,6,2025-04
CUST-02950,2024-12-04,Monthly,Consumer,Referral,True,1,2024-12
CUST-02951,2024-06-17,Monthly,Small Business,Organic,False,6,2024-06
CUST-02952,2024-06-09,Monthly,Consumer,Social,False,1,2024-06
CUST-02953,2024-05-28,Monthly,Consumer,Social,False,8,2024-05
CUST-02954,2024-03-04,Monthly,Small Business,Email,False,4,2024-03
CUST-02955,2024-12-19,Monthly,Consumer,Organic,False,10,2024-12
CUST-02956,2024-06-01,Quarterly,Consumer,Paid Search,False,13,2024-06
CUST-02957,2024-03-26,Quarterly,Consumer,Referral,False,18,2024-03
CUST-02958,2025-02-19,Annual,Small Business,Referral,False,16,2025-02
CUST-02959,2024-05-31,Monthly,Consumer,Social,False,10,2024-05
CUST-02960,2024-12-25,Quarterly,Consumer,Paid Search,False,14,2024-12
CUST-02961,2024-02-15,Quarterly,Consumer,Organic,False,12,2024-02
CUST-02962,2025-04-02,Monthly,Consumer,Referral,True,6,2025-04
CUST-02963,2025-04-26,Monthly,Consumer,Social,False,5,2025-04
CUST-02964,2025-06-08,Quarterly,Consumer,Organic,False,3,2025-06
CUST-02965,2024-03-18,Quarterly,Consumer,Email,False,3,2024-03
CUST-02966,2025-03-24,Monthly,Consumer,Social,True,7,2025-03
CUST-02967,2025-06-28,Monthly,Small Business,Social,True,5,2025-06
CUST-02968,2024-01-24,Quarterly,Consumer,Email,False,11,2024-01
CUST-02969,2024-03-15,Monthly,Small Business,Social,False,9,2024-03
CUST-02970,2025-02-16,Quarterly,Consumer,Organic,True,13,2025-02
CUST-02971,2025-03-11,Monthly,Consumer,Social,False,4,2025-03
CUST-02972,2024-01-10,Quarterly,Consumer,Email,False,15,2024-01
CUST-02973,2024-09-21,Monthly,Small Business,Referral,False,14,2024-09
CUST-02974,2024-03-14,Annual,Consumer,Email,False,15,2024-03
CUST-02975,2024-04-11,Monthly,Consumer,Paid Search,False,3,2024-04
CUST-02976,2025-05-05,Quarterly,Consumer,Email,False,1,2025-05
CUST-02977,2024-11-06,Monthly,Consumer,Referral,False,12,2024-11
CUST-02978,2025-02-07,Monthly,Consumer,Social,False,10,2025-02
CUST-02979,2024-09-08,Monthly,Enterprise,Organic,True,14,2024-09
CUST-02980,2024-07-17,Monthly,Consumer,Organic,True,5,2024-07
CUST-02981,2025-03-17,Monthly,Consumer,Paid Search,True,5,2025-03
CUST-02982,2024-06-08,Monthly,Consumer,Social,True,4,2024-06
CUST-02983,2025-04-02,Monthly,Consumer,Email,False,1,2025-04
CUST-02984,2024-11-04,Quarterly,Consumer,Email,False,10,2024-11
CUST-02985,2025-05-08,Quarterly,Consumer,Email,True,12,2025-05
CUST-02986,2024-03-28,Monthly,Consumer,Social,False,9,2024-03
CUST-02987,2025-02-24,Monthly,Consumer,Paid Search,False,6,2025-02
CUST-02988,2025-04-12,Monthly,Consumer,Email,True,10,2025-04
CUST-02989,2025-05-24,Monthly,Enterprise,Paid Search,False,7,2025-05
CUST-02990,2024-02-25,Monthly,Consumer,Paid Search,False,1,2024-02
CUST-02991,2024-12-12,Quarterly,Small Business,Social,False,14,2024-12
CUST-02992,2024-09-12,Monthly,Enterprise,Email,True,1,2024-09
CUST-02993,2024-08-18,Annual,Small Business,Paid Search,False,14,2024-08
CUST-02994,2025-04-18,Monthly,Small Business,Email,False,4,2025-04
CUST-02995,2025-03-25,Quarterly,Consumer,Email,False,11,2025-03
CUST-02996,2025-02-25,Monthly,Consumer,Organic,True,1,2025-02
CUST-02997,2024-10-11,Monthly,Consumer,Organic,False,8,2024-10
CUST-02998,2024-09-21,Quarterly,Consumer,Email,False,16,2024-09
CUST-02999,2024-11-28,Annual,Enterprise,Email,False,15,2024-11
CUST-03000,2025-05-24,Monthly,Small Business,Organic,True,4,2025-05
